alpha,lambda,seed,CAGR,Volatility,Sharpe,MDD,Turnover
0.0,0.1,42,0.2694462489831966,0.1902038148335046,1.3498097797583557,0.1490626158281635,0.8927253279540165
0.0,0.1,43,0.4168350060056556,0.2331745924270762,1.6113692626494345,0.2117832025848202,0.8478160160905107
0.0,0.1,44,0.3946866730997793,0.2237780290350798,1.5991390550712197,0.1732733655741056,0.8458725702838329
0.0,0.1,45,0.3566885462930185,0.2048010556609817,1.5923920637833044,0.1808863004913338,0.9068560700504414
0.0,0.1,46,0.3431080599195759,0.2124148723654708,1.495343391363283,0.1380115921610624,0.8495734312726673
0.0,0.5,42,0.2560432156115964,0.1891092794661117,1.3003560265234757,0.1495722415624548,0.892235028946807
0.0,0.5,43,0.4080237019437727,0.2298791001220793,1.6040491001384751,0.2119929299310755,0.8501412000761526
0.0,0.5,44,0.4000847694458391,0.2225392779822583,1.6241870389610589,0.171296990707635,0.8473645524428927
0.0,0.5,45,0.3453421149501199,0.2025097598975425,1.566617744760337,0.1794924350724674,0.9086137759373442
0.0,0.5,46,0.3347479642488118,0.2095294500748607,1.4831536261223333,0.1479854583685802,0.8504040178406873
0.0,1.0,42,0.2306082972187964,0.1883149136593697,1.1963087656763771,0.1506040048610888,0.8927247618592373
0.0,1.0,43,0.4211240476670597,0.2260011826116872,1.668652025391426,0.2025043841407169,0.8549367935998854
0.0,1.0,44,0.4103543125857483,0.219380614953782,1.677759440502041,0.1644977530136058,0.8491271557179143
0.0,1.0,45,0.3337405624741547,0.2003571332075111,1.538088130230298,0.1796934513470627,0.9101802170494464
0.0,1.0,46,0.3222184384145263,0.2074160460190406,1.4506231136542955,0.1478504570902585,0.8516436822350405
0.0,2.0,42,0.2242284005018422,0.1864673380489941,1.178416941516295,0.1504386998176021,0.8950619346052527
0.0,2.0,43,0.4154822049776858,0.2176779520097817,1.705731356085529,0.1971812961395844,0.857351166841169
0.0,2.0,44,0.3745353432393421,0.2136782249499119,1.5962152006198036,0.1580882924754958,0.8528712875212261
0.0,2.0,45,0.3009492043884225,0.1936385749343222,1.4559879831564255,0.1793003215753121,0.909506700405594
0.0,2.0,46,0.3210315121475744,0.2004273469009582,1.4895051790647895,0.1430456750729229,0.854166138926641
0.0,5.0,42,0.2597453719519416,0.1772529991043543,1.3917520080085344,0.1294281704242842,0.8986524865442643
0.0,5.0,43,0.4295861406396117,0.2059785219745792,1.8387292247056335,0.1823245421175033,0.8628253154390281
0.0,5.0,44,0.330141268952248,0.1991279323404967,1.5327274291281223,0.1607224442796606,0.8591034048074212
0.0,5.0,45,0.2716404574150008,0.182190038441468,1.410481641290279,0.1606180316161276,0.9111514218139743
0.0,5.0,46,0.2765336861746024,0.1899738314972482,1.3801190729406785,0.1470114470181616,0.8608836919635824
0.25,0.1,42,0.0689080844525946,0.179838414768031,0.4603172394429059,0.2847440779980575,0.506804236584162
0.25,0.1,43,0.2449472646786561,0.1402224429050294,1.633061531168615,0.0998689513248333,0.3320533243591547
0.25,0.1,44,0.3206048919605413,0.1595755837726185,1.8230880646467624,0.1167531808040441,0.5273261113010622
0.25,0.1,45,0.2421092226259509,0.1785573059633585,1.303609040387539,0.1892257406618466,0.4651147209944228
0.25,0.1,46,0.4054042346498305,0.2211065958595554,1.6500156673195314,0.1352973992386358,0.5770667527820421
0.25,0.5,42,0.1947212769908608,0.2180600286076749,0.9251617577392244,0.1889771497154407,0.518651053103175
0.25,0.5,43,0.3260684155412297,0.1986548303763876,1.520128625044875,0.1859389084225038,0.4939481610755108
0.25,0.5,44,0.4513517319416127,0.1931819221931049,2.0259239244115808,0.1275261720978253,0.5534843953854836
0.25,0.5,45,0.5725115030893817,0.2108133819426328,2.2539909842465287,0.1546304651650081,0.6069676949150098
0.25,0.5,46,0.368827122595071,0.1696671731829436,1.936110210540548,0.1186506570709783,0.5887891696613256
0.25,1.0,42,0.5908769677310428,0.2582620969339196,1.9273067851183667,0.1270820356229864,0.632390037066379
0.25,1.0,43,0.1688672916917524,0.1651942014663331,1.027317134681989,0.0966206870684857,0.7255157095458469
0.25,1.0,44,0.2489439229283125,0.1741928559823002,1.3633563758453908,0.1241175015825684,0.6883173474585764
0.25,1.0,45,0.3015817095402187,0.1775181411864065,1.5740356272201663,0.1218628367021497,0.6849934167254661
0.25,1.0,46,0.5055424761099878,0.2252281563455878,1.929644349920811,0.1828516569997836,0.5285366807752101
0.25,2.0,42,0.4016836380361757,0.220365856482802,1.642699398047064,0.1331756488673787,0.7670236720764798
0.25,2.0,43,0.5408885653217936,0.2539937548219233,1.8297037255414916,0.1553772124489103,0.6774383626208667
0.25,2.0,44,0.4709961082680196,0.2259365435208602,1.821670789164645,0.1838312567127933,0.7587113711138719
0.25,2.0,45,0.5861379584748103,0.1917689029589945,2.50294963388741,0.1259867658906923,0.711912720368704
0.25,2.0,46,0.3244838634633302,0.2377582081631943,1.3010834723524307,0.1614338102821647,0.6432934106300898
0.25,5.0,42,0.2242679934830895,0.1935245395722448,1.1427820179651555,0.128840726225321,0.8316798174281763
0.25,5.0,43,0.4969595219542448,0.2054344067472588,2.067486645353414,0.112804327737364,0.7304977015970839
0.25,5.0,44,0.311373080825887,0.1910595215249132,1.5148153652945364,0.1615499977672473,0.7732451145346078
0.25,5.0,45,0.346275168022518,0.1866542710298063,1.6868687101963682,0.1265378403893203,0.8112565627759
0.25,5.0,46,0.2413326018174522,0.1901391996808343,1.2322576119102175,0.1581848110485885,0.787885127060017
0.5,0.1,42,0.1763392828055627,0.1743712332261266,1.0185305772367144,0.1927672435184172,0.6482237246931678
0.5,0.1,43,0.2909217179435273,0.1425660420111462,1.8632740241429877,0.1291893526491225,0.3360502014475995
0.5,0.1,44,0.1641672661015898,0.158558785447865,1.0379612072552789,0.1882651316712501,0.6528878212777892
0.5,0.1,45,0.2329313173030824,0.1673779823383389,1.3348931874157244,0.1877814995631036,0.694321755356408
0.5,0.1,46,0.4310012061696548,0.1817509840558572,2.063528638994013,0.1187250807766535,0.6475118707190364
0.5,0.5,42,0.2152500459082515,0.1927815658141834,1.1076606731158003,0.1579181831201261,0.4898539836901009
0.5,0.5,43,0.2865041102238923,0.18510587113724,1.4537553713624376,0.1333400896551663,0.6438774597112159
0.5,0.5,44,0.4980680539907989,0.1879166149571964,2.245917241421844,0.1298899031465858,0.4107754192623992
0.5,0.5,45,0.2825715533873378,0.17317537551193,1.5239724711909706,0.1396154777229741,0.6285850597361625
0.5,0.5,46,0.5081660544521978,0.1805842205217244,2.3667416458664183,0.0990630629063991,0.5356346838175848
0.5,1.0,42,0.6767070474075807,0.2660100178050623,2.0773221022691266,0.2410127515815142,0.5044752553464781
0.5,1.0,43,0.3687757945203676,0.2193505636453651,1.5408704030104858,0.1174903949658477,0.6873063173110942
0.5,1.0,44,0.2598151591868938,0.1996122874538961,1.257465238807281,0.1965731728134486,0.6705317684079338
0.5,1.0,45,0.3691008229361661,0.1862448683830576,1.780398303598232,0.1009968937063241,0.5810866178302241
0.5,1.0,46,0.56166212190274,0.2095752658106325,2.232670500678171,0.1038903807485659,0.6410703730409523
0.5,2.0,42,0.2669874203368569,0.2321517681905524,1.1356168755344966,0.186795281189444,0.6441703853735857
0.5,2.0,43,0.3216931909950067,0.1960360998491109,1.5212503004036215,0.1544257111547586,0.6645378753608132
0.5,2.0,44,0.4299042049080734,0.1955135084804345,1.927477764550752,0.1892918791769225,0.7277896832866364
0.5,2.0,45,0.3773698337686078,0.1908959791996453,1.773400412207432,0.1867961377940347,0.6617571477083641
0.5,2.0,46,0.4556517332231404,0.2151827272368433,1.8531892679662807,0.1688705745551907,0.4977692188998677
0.5,5.0,42,0.3822327033170833,0.2116527710683458,1.6360901191792696,0.1522163321881842,0.7505764590004208
0.5,5.0,43,0.3831702646847912,0.182714448499011,1.867354946261696,0.1170536974538861,0.8084635664982928
0.5,5.0,44,0.4053318850329714,0.1809801938631361,1.9717692232271085,0.1416745318362361,0.8403167868922188
0.5,5.0,45,0.2424610449470883,0.181230954239773,1.2888287951732211,0.1152158169096341,0.7373799424058021
0.5,5.0,46,0.5356741197439034,0.2298711980792443,1.9819958815894407,0.1748183093064595,0.7445759629244844
0.75,0.1,42,0.2800952658678757,0.1596796747944693,1.626691651342839,0.1480258430055129,0.4712902686031851
0.75,0.1,43,0.0640917627776556,0.1438259272277862,0.5036571642804627,0.1658249085520764,0.6435550838764957
0.75,0.1,44,0.2508059200540913,0.1477142626726303,1.5894508590188805,0.0991839764410534,0.5573664171357714
0.75,0.1,45,0.1839940955909136,0.1727454633365217,1.063972927541195,0.1830121467730177,0.6867278321517042
0.75,0.1,46,0.1760966181761494,0.1809449880164595,0.9871124407451932,0.1519861068422281,0.3976515180165593
0.75,0.5,42,0.234472337133383,0.182196555510196,1.2472906482937205,0.1152286742680854,0.7155538575648901
0.75,0.5,43,0.3930781688987703,0.1523631400579391,2.253097669353353,0.0990241310330615,0.7123384692169925
0.75,0.5,44,0.3146057426579729,0.1695255844128951,1.6989529064811737,0.2035775162510411,0.6573730095905196
0.75,0.5,45,0.1719948632995267,0.1708151543349401,1.0148778095556994,0.1314721322163783,0.75378133190097
0.75,0.5,46,0.5036133662918671,0.2027696000972734,2.113913397875626,0.1391029071168665,0.6613674197818062
0.75,1.0,42,0.3582972595492655,0.1921391320430595,1.690199664944882,0.1049752919483133,0.7030203827260062
0.75,1.0,43,0.1430630000182597,0.1496023062859484,0.9684799033059184,0.1145490931431919,0.5891597995024339
0.75,1.0,44,0.3918119728618134,0.1672316760564464,2.0612833659055534,0.0979615967523811,0.7655953028318374
0.75,1.0,45,0.3343806970826337,0.1919667729481871,1.5991636355480436,0.1307727429434262,0.7288262567883554
0.75,1.0,46,0.4049341822150318,0.1991471278451849,1.8073626966463536,0.1329140610810959,0.6260748994336522
0.75,2.0,42,0.2252630352173423,0.2006683698389419,1.1130052482295376,0.2125472358883297,0.6866256927502296
0.75,2.0,43,0.3427524544832661,0.1890560522790853,1.6541916868626367,0.171782893955853,0.7090107252362309
0.75,2.0,44,0.2683339995121538,0.1884540348218641,1.3554610967942249,0.2241348461311108,0.7375269423679602
0.75,2.0,45,0.2522479924110428,0.1875092798665252,1.294200800011305,0.1924816204622917,0.7517273995152473
0.75,2.0,46,0.6449486809137353,0.1915094634014768,2.69663195779197,0.1204708251575373,0.7258737204617598
0.75,5.0,42,0.3845080633000315,0.1979833095286787,1.7430096609506684,0.1690065807276908,0.7827356888052819
0.75,5.0,43,0.2452187268026571,0.1586118746756619,1.4622524771690015,0.1033663459315699,0.7784065791510659
0.75,5.0,44,0.4504455401402925,0.16810576344952,2.2974411939570363,0.1353984339289168,0.7564514772426459
0.75,5.0,45,0.2318341537961328,0.1859164665888397,1.2146586008917677,0.1197152159322925,0.768313951844681
0.75,5.0,46,0.5749011179003052,0.2062304622732275,2.307244777135728,0.1636000938679066,0.7556631744302539
1.0,0.1,42,0.3127244825739108,0.174462834524031,1.6469797560455706,0.1402031946335548,0.3731201868568634
1.0,0.1,43,0.1477929699834226,0.1506398660594401,0.9902976185029088,0.1784568473481117,0.3938007476158496
1.0,0.1,44,0.2041660604594857,0.1621062397716317,1.2274303069577956,0.1414070184994624,0.3356778597935577
1.0,0.1,45,0.1984162589846463,0.1298558930426968,1.4591223375883051,0.1040617547296188,0.3512978265698084
1.0,0.1,46,0.1864333358238254,0.1622664829707203,1.1346939611138511,0.1387494065803581,0.4868621066492069
1.0,0.5,42,0.1163916161144917,0.1599647099176339,0.768301537718219,0.1152451680594427,0.6342919432362015
1.0,0.5,43,0.222981166799703,0.1464798589851743,1.4476392602627937,0.1101253860620865,0.4767118801675972
1.0,0.5,44,0.1389781174401867,0.1558652942543482,0.9130534395234832,0.182283034999596,0.3541876992573247
1.0,0.5,45,0.2737618307291385,0.1498802038099165,1.6899670662091502,0.1172661277704618,0.5721292499772395
1.0,0.5,46,0.3218304029530663,0.1780447835673008,1.6566940846125655,0.1234489158703343,0.314376366097249
1.0,1.0,42,0.2584343963485409,0.1796315907048144,1.3697918909245603,0.1522186796749245,0.4496708853648395
1.0,1.0,43,0.2215921074986988,0.1591462308132499,1.3374070578380195,0.1630191991284713,0.4113717288120839
1.0,1.0,44,0.1675870802817132,0.1509690378606675,1.101850373247074,0.1909566090568795,0.5034797313175755
1.0,1.0,45,0.1528282420601685,0.1737664045351149,0.9053126498618366,0.1731852287254955,0.503033895461573
1.0,1.0,46,0.1129859030859725,0.1459537740803729,0.8063903989904471,0.1372716671353581,0.4571990881299873
1.0,2.0,42,0.2564527816086195,0.1540465646007097,1.5595232533648151,0.1728376420337177,0.6961747249732567
1.0,2.0,43,0.140840684512679,0.1329432605031993,1.0576663314243242,0.1095332530846131,0.5418451935435707
1.0,2.0,44,0.1923000847686018,0.1479964949400544,1.2626953347665089,0.1296584385899606,0.5179058475494825
1.0,2.0,45,0.170112860413429,0.1717112937875897,1.000848914752986,0.1788935292179073,0.4569828193161652
1.0,2.0,46,0.1006428223865769,0.1626960103948844,0.6707869994187324,0.1788368385109897,0.3014222852138792
1.0,5.0,42,0.1914927899753007,0.1548747925095032,1.2089828856104337,0.1399947137891597,0.4208519342820063
1.0,5.0,43,0.3404480495432826,0.1653661945292281,1.8552459599204851,0.1308018494256554,0.4345967886649231
1.0,5.0,44,0.2625279518493142,0.1600741312103368,1.5372657842393018,0.1093445758140775,0.6003237878614645
1.0,5.0,45,0.1298516970303174,0.1416070545130238,0.93308911852817,0.1349993089374703,0.5240195881930108
1.0,5.0,46,0.171447538774268,0.1607571381595494,1.0647727700030416,0.1234555258542033,0.3785145902740086
