alpha,lambda,CAGR_mean,CAGR_std,Volatility_mean,Volatility_std,Sharpe_mean,Sharpe_std,MDD_mean,MDD_std,Turnover_mean,Turnover_std
0.0,0.1,0.3561529068602452,0.05669141857197495,0.2128744728644226,0.01666082549679777,1.5296107105251195,0.110637667325428,0.1706034153278971,0.028874184925955258,0.8685686831302938,0.028965815226964665
0.0,0.5,0.348848353240028,0.06113673299806394,0.2107133735085705,0.016144774105077184,1.515672707301136,0.13190897191821455,0.17206801112844258,0.02615217333504196,0.8697517150487768,0.02861752048410991
0.0,1.0,0.3436091316720571,0.07711617920400762,0.2082939780902781,0.014994881592191842,1.5062862950908875,0.19745979666822225,0.16903001009054655,0.022599088398104587,0.8717225220923048,0.027908598358176714
0.0,2.0,0.32724533305097336,0.07308330345522884,0.20237788736879364,0.013182520406464308,1.4851713320885687,0.19745010201554558,0.16561085701618344,0.02224895971624141,0.8737914456599766,0.026557021529547673
0.0,5.0,0.3135293850266809,0.07028728416895558,0.19090466467162928,0.011811249284413156,1.5107618752146494,0.19321754804184224,0.15602092709114745,0.019515783584516527,0.878523264113654,0.02451781650290564
0.25,0.1,0.25639473967351467,0.12431124226796843,0.17586006865371856,0.030023221712304298,1.3740183085930708,0.5442308076091936,0.16517787000548345,0.07479543116656402,0.48167302920416877,0.09283853945971428
0.25,0.5,0.3826960100316312,0.1409583806607325,0.19807546726054875,0.018661127913606225,1.7322631003965516,0.5235465408189158,0.15514467049435124,0.03235653186130304,0.552368094828101,0.047060027387713935
0.25,1.0,0.3631624736002628,0.1779850004105593,0.20007909038290944,0.04004306058770477,1.5643320545573447,0.38538102414832875,0.13050694359519474,0.03168407703654816,0.6519506383142957,0.07655031757128258
0.25,2.0,0.46483802671282587,0.10514638342235562,0.22596465318955486,0.02305111236893886,1.8196214037986085,0.43795727693920966,0.15196093884038786,0.023155281038024667,0.7116759073620024,0.05273552246549289
0.25,5.0,0.3240416732206383,0.10880140347874227,0.1933623877110115,0.007184199676986194,1.5288420701439382,0.37158843179378687,0.13758354063356823,0.02127943314371599,0.786912864679157,0.03862356472798134
0.5,0.1,0.2590721580646834,0.10852304221874809,0.1649250054158668,0.015155971381220826,1.4636375270089437,0.4784021078005687,0.16334566163570938,0.036198650949771975,0.5957990746988002,0.14650757484209806
0.5,0.5,0.35811196359249564,0.1354137208573714,0.18391272958845484,0.007457893234222162,1.7396094805914941,0.5424973475178814,0.13196534331025028,0.02133560337727338,0.5417453212434926,0.0972821668103071
0.5,1.0,0.4472121891907497,0.16817994637222225,0.2161586006196027,0.030443819472353178,1.7777453096726592,0.3948136573107792,0.1519927187631401,0.0632787534829484,0.6168940663873365,0.07473209553066999
0.5,2.0,0.370321276646337,0.07733639326225436,0.2059560165913173,0.017360911851353095,1.6421869241325164,0.32185738816990656,0.17723591677407008,0.015152639491766085,0.6392048621258535,0.08518558457937261
0.5,5.0,0.3897740035451675,0.10407987309054852,0.19728991314990205,0.022383995898364966,1.7492077930861474,0.2925863393975813,0.14019573753887998,0.025024760029003557,0.7762625435442437,0.04559474468627079
0.75,0.1,0.19101673249333712,0.08350390295513398,0.1609820632095734,0.015882062979109123,1.1541770085857141,0.46689314259007986,0.1496065963227777,0.0313431248424181,0.5513182239567431,0.1192664151308718
0.75,0.5,0.32355289565630396,0.13061467311363714,0.17553400688264875,0.018583762208695977,1.6656264863119143,0.5351805559657147,0.13768107217708656,0.0399417800119756,0.7000828176110356,0.04060817110112039
0.75,1.0,0.3264974223454008,0.1062307379825563,0.18001740303576524,0.02088194825324434,1.62529785327015,0.40605912017567763,0.11623455717368167,0.015435977625702327,0.682535328256457,0.07308935676686615
0.75,2.0,0.34670923250750807,0.17232034597071216,0.19143944004157867,0.005366968162507316,1.622698157937935,0.6311574035162651,0.1842834843190245,0.04087328086892679,0.7221528960662855,0.025297015227627943
0.75,5.0,0.3773815203878838,0.1440956018827195,0.18336957530318557,0.01992859584214045,1.8049213420208403,0.4910625593480586,0.13821733407767534,0.028094163773453147,0.7683141742947857,0.012355242769086285
1.0,0.1,0.20990662156505815,0.06153372220328917,0.15586626327370395,0.016804665784601203,1.2917047960416863,0.2616671689985671,0.14057564435822117,0.02632686233655879,0.3881517454970572,0.05939973568964699
1.0,0.5,0.21478862680731722,0.08722399809765088,0.15804697010687474,0.012337383334363945,1.2951310776652423,0.42819817179964126,0.12967372655238427,0.029794114464786678,0.4703394277471224,0.13701998396680745
1.0,1.0,0.18268554585501878,0.05750885006832074,0.16189340759884394,0.014461776752187934,1.1041504741723875,0.25158340035196997,0.1633302767442258,0.020389640807669994,0.4649510658172118,0.039048311120936166
1.0,2.0,0.17206984673798126,0.05833235038257669,0.1538787248452875,0.014736582928255925,1.1103041667454732,0.3289936892042493,0.1539519402874377,0.032253700353487375,0.5028661741192708,0.1430023375602221
1.0,5.0,0.2191536054344966,0.08308052787997061,0.15653586218432827,0.009137036429173814,1.3198713036602865,0.37445238169198364,0.12771919476411325,0.011926825684209365,0.4716613378550827,0.08934078758208323
