alpha,lambda,n_pairs,DFL_CAGR_mean,DFL_CAGR_std,RCR_CAGR_mean,RCR_CAGR_std,Delta_CAGR_mean,Delta_CAGR_std,DFL_Sharpe_mean,DFL_Sharpe_std,RCR_Sharpe_mean,RCR_Sharpe_std,Delta_Sharpe_mean,Delta_Sharpe_std,DFL_Vol_mean,DFL_Vol_std,RCR_Vol_mean,RCR_Vol_std,Delta_Vol_mean,DFL_MDD_mean,DFL_MDD_std,RCR_MDD_mean,RCR_MDD_std,Delta_MDD_mean,DFL_Turnover_mean,RCR_Turnover_mean,Delta_Turnover_mean,RCR_CAGR_wins,RCR_Sharpe_wins,RCR_Vol_wins,RCR_MDD_wins,RCR_Turnover_wins
0.0,0.1,5,0.3578514258155516,0.056398314957006715,0.3561529068602452,0.05669141857197494,-0.0016985189553064607,0.0011706543934041276,1.5342093015664529,0.10794910917420593,1.5296107105251195,0.110637667325428,-0.004598591041333355,0.00441012444024965,0.2130967959729439,0.016648208600171945,0.2128744728644226,0.01666082549679777,-0.00022232310852131066,0.17090159192993062,0.02861831266400233,0.1706034153278971,0.02887418492595526,-0.0002981766020335175,0.8685510432142485,0.8685686831302938,1.7639916045220085e-05,0,1,5,4,4
0.0,0.5,5,0.3500251473759313,0.06019597032838384,0.348848353240028,0.06113673299806395,-0.0011767941359033362,0.0020856416646485494,1.516556526215066,0.12697822835080427,1.515672707301136,0.13190897191821455,-0.0008838189139300567,0.007477999939293951,0.21128750604976881,0.016285022641835813,0.21071337350857053,0.016144774105077187,-0.0005741325411982967,0.17202989045084965,0.026688644027005073,0.17206801112844258,0.026152173335041964,3.812067759291215e-05,0.8694855745863155,0.8697517150487766,0.00026614046246120626,1,2,5,4,1
0.0,1.0,5,0.3429270726086867,0.07433440961953101,0.3436091316720571,0.07711617920400762,0.0006820590633703771,0.0042363507438585675,1.4910373165587152,0.20254052523190572,1.5062862950908875,0.19745979666822225,0.015248978532172464,0.019070397702853722,0.21079189768270448,0.012801254927269244,0.2082939780902781,0.014994881592191846,-0.0024979195924263674,0.1656210179753596,0.029092471853473058,0.16903001009054655,0.02259908839810459,0.003408992115186943,0.8685050140257516,0.8717225220923048,0.0032175080665531653,3,4,5,2,0
0.0,2.0,5,0.3259301007436969,0.0752792003470336,0.32724533305097336,0.07308330345522884,0.0013152323072765427,0.00719932344036971,1.4704137420678154,0.2096615261903765,1.4851713320885682,0.19745010201554553,0.014757590020753142,0.027415356089669794,0.20380986158837616,0.01345437037629538,0.20237788736879364,0.013182520406464306,-0.0014319742195825103,0.16694976472385378,0.02346996967030257,0.16561085701618344,0.02224895971624141,-0.0013389077076703282,0.8737157890077917,0.8737914456599765,7.56566521849189e-05,3,3,5,4,3
0.0,5.0,5,0.3121478505434323,0.07076786936033407,0.31352938502668093,0.07028728416895556,0.001381534483248592,0.013616770739386854,1.4906704715049515,0.19545601619580888,1.5107618752146492,0.1932175480418422,0.020091403709698065,0.06208806454353053,0.1930041483140337,0.012308377267351935,0.19090466467162928,0.011811249284413157,-0.002099483642404404,0.16011646464730955,0.020861870340645787,0.15602092709114745,0.01951578358451653,-0.004095537556162099,0.878814112667618,0.878523264113654,-0.000290848553963885,3,3,5,4,3
0.25,0.1,5,0.32211381299886616,0.09503066436796528,0.25639473967351467,0.12431124226796841,-0.06571907332535146,0.1479449502134033,1.8200785894972982,0.5157590769684604,1.3740183085930706,0.5442308076091936,-0.4460602809042274,0.7414998594248766,0.1619033894248818,0.017064267915496846,0.17586006865371856,0.030023221712304298,0.013956679228836744,0.13255613616765632,0.03457324562709297,0.16517787000548348,0.07479543116656402,0.03262173383782715,0.5198024002709556,0.48167302920416877,-0.03812937106678684,2,1,1,2,2
0.25,0.5,5,0.30951532819877947,0.0997854178114705,0.3826960100316312,0.1409583806607325,0.07318068183285172,0.21692765720999688,1.5853497218421357,0.20416725794255147,1.7322631003965516,0.5235465408189159,0.1469133785544156,0.6951242636336096,0.1763588562216626,0.0262008795729539,0.19807546726054875,0.018661127913606232,0.02171661103888615,0.1518027704650189,0.032244927114099806,0.15514467049435127,0.03235653186130304,0.003341900029332351,0.4955098914179116,0.552368094828101,0.05685820341018936,4,3,1,2,1
0.25,1.0,5,0.3075861728391856,0.1333521124620808,0.3631624736002629,0.17798500041055934,0.055576300761077245,0.0877824856898959,1.4510516157462525,0.4323337720001757,1.5643320545573447,0.38538102414832875,0.1132804388110921,0.26749952600387367,0.19125480380885412,0.02487061363086472,0.20007909038290944,0.04004306058770478,0.008824286574055328,0.1502667281548239,0.03763642322352697,0.13050694359519474,0.031684077036548165,-0.019759784559629134,0.5620621040627536,0.6519506383142957,0.08988853425154207,3,3,2,3,1
0.25,2.0,5,0.3462228861536939,0.14053685877025937,0.46483802671282587,0.10514638342235562,0.11861514055913198,0.1832476709829385,1.528614220047865,0.5169583160083606,1.8196214037986085,0.4379572769392097,0.2910071837507436,0.6390005446622871,0.20525159977003954,0.003798202206716817,0.22596465318955486,0.023051112368938864,0.020713053419515348,0.1419986782127201,0.014254621804953405,0.15196093884038783,0.023155281038024663,0.009962260627667762,0.6516967825322557,0.7116759073620025,0.05997912482974661,4,3,1,2,0
0.25,5.0,5,0.3392019572614044,0.2373299988445087,0.3240416732206383,0.10880140347874226,-0.015160284040766104,0.2112963424257976,1.4853893654712114,0.9327660729901589,1.5288420701439382,0.3715884317937868,0.04345270467272715,0.8494673643981544,0.203148302024356,0.006875798149600103,0.1933623877110115,0.007184199676986199,-0.009785914313344513,0.15525489478096594,0.03305668132359167,0.1375835406335682,0.021279433143715987,-0.017671354147397726,0.7188463997107177,0.786912864679157,0.0680664649684393,2,2,5,4,1
0.5,0.1,5,0.18178983702904553,0.031666795187970435,0.2590721580646834,0.10852304221874808,0.07728232103563788,0.1033814058022221,1.1208794895057395,0.18308427259313576,1.463637527008944,0.47840210780056874,0.34275803750320416,0.47503772991798743,0.16107742048807366,0.010759243719652445,0.1649250054158668,0.015155971381220835,0.0038475849277931017,0.1476526323453419,0.025913744673664675,0.1633456616357094,0.036198650949771975,0.015693029290367495,0.629888637475029,0.5957990746988002,-0.03408956277622884,4,4,1,2,2
0.5,0.5,5,0.3007726682104622,0.1052358311736671,0.35811196359249564,0.1354137208573714,0.0573392953820334,0.1993531350637608,1.592017011105149,0.33628573015338603,1.7396094805914941,0.5424973475178814,0.14759246948634516,0.7643613013146202,0.17105913190898228,0.013475288177641287,0.18391272958845484,0.0074578932342221635,0.012853597679472566,0.13564579742843075,0.010605795291591993,0.13196534331025028,0.02133560337727338,-0.003680454118180465,0.6131761858998853,0.5417453212434926,-0.07143086465639278,3,3,1,2,4
0.5,1.0,5,0.256945739368296,0.1436771173251304,0.4472121891907497,0.16817994637222225,0.19026644982245364,0.2235486331666214,1.320373568548903,0.6678890838489506,1.7777453096726592,0.3948136573107793,0.45737174112375617,0.9095350797738285,0.17805893210626267,0.01799863803892264,0.2161586006196027,0.030443819472353178,0.03809966851334007,0.16088267648010662,0.04640122531141127,0.15199271876314013,0.0632787534829484,-0.008889957716966537,0.6532861103267217,0.6168940663873366,-0.03639204393938509,4,4,0,3,4
0.5,2.0,5,0.43704945892104,0.09698171397740137,0.37032127664633707,0.07733639326225439,-0.06672818227470304,0.11877649511671659,1.959197259037662,0.4129086493893135,1.6421869241325169,0.32185738816990656,-0.3170103349051453,0.39852364090260606,0.19512011635883844,0.012515287938132462,0.2059560165913173,0.017360911851353095,0.010835900232478834,0.13656681857753766,0.011850615630434097,0.17723591677407008,0.015152639491766089,0.04066909819653242,0.6328782239209712,0.6392048621258535,0.00632663820488224,1,1,2,0,2
0.5,5.0,5,0.3506197874536839,0.21128685109442435,0.38977400354516756,0.10407987309054852,0.03915421609148366,0.2187477728327118,1.6245048348866995,0.8686072394785088,1.749207793086147,0.2925863393975813,0.1247029581994477,0.8794809576240094,0.1943338855530191,0.014088051967752651,0.19728991314990202,0.02238399589836497,0.0029560275968829597,0.1518110251145583,0.045832687299867635,0.14019573753887998,0.02502476002900356,-0.011615287575678281,0.7041796678714286,0.7762625435442437,0.0720828756728151,2,2,3,3,0
0.75,0.1,5,0.2575810755441611,0.04563599239503222,0.19101673249333712,0.08350390295513398,-0.066564343050824,0.09383703129085916,1.437871614106818,0.1986792515855385,1.1541770085857141,0.46689314259007986,-0.2836946055211039,0.5753268164827515,0.16996710571295298,0.021356057522212184,0.1609820632095734,0.01588206297910912,-0.00898504250337961,0.13875776761029512,0.029090169781474006,0.1496065963227777,0.0313431248424181,0.010848828712482578,0.5199200869017396,0.5513182239567431,0.03139813705500362,1,2,3,3,1
0.75,0.5,5,0.3444637010653525,0.16963366695217336,0.323552895656304,0.13061467311363714,-0.020910805409048477,0.13646475988618478,1.7591716193736393,0.5086271896888634,1.6656264863119143,0.5351805559657147,-0.09354513306172448,0.5826847751415061,0.16873357861677715,0.022538487318475093,0.17553400688264875,0.01858376220869598,0.0068004282658716,0.13675349825610136,0.031690574531880844,0.13768107217708656,0.0399417800119756,0.0009275739209851863,0.5877589383029334,0.7000828176110356,0.11232387930810232,2,1,0,3,0
0.75,1.0,5,0.22584130368230645,0.14490141338403276,0.3264974223454008,0.1062307379825563,0.10065611866309436,0.1350217027026215,1.1946771324545329,0.5981516276797119,1.62529785327015,0.4060591201756777,0.4306207208156172,0.6776548987535884,0.17191868404715954,0.021709404257062977,0.18001740303576524,0.020881948253244347,0.008098718988605692,0.164047278425217,0.020990553723594062,0.11623455717368167,0.015435977625702318,-0.0478127212515353,0.6781171780998296,0.682535328256457,0.00441815015662741,4,4,0,5,2
0.75,2.0,5,0.4111985704486507,0.25497873553630884,0.34670923250750807,0.1723203459707122,-0.06448933794114267,0.17972954496626534,1.9037218693895124,0.7857381653782018,1.622698157937935,0.6311574035162651,-0.28102371145157745,0.7608245950633387,0.17676341677339355,0.026665484010539836,0.19143944004157867,0.005366968162507317,0.014676023268185118,0.13456983094274874,0.04179534863140417,0.18428348431902447,0.04087328086892679,0.04971365337627574,0.6946875818280727,0.7221528960662855,0.027465314238212836,2,3,1,1,2
0.75,5.0,5,0.25643697218887185,0.1337791359273492,0.3773815203878838,0.1440956018827195,0.12094454819901194,0.09899122993071613,1.3858452840724853,0.49683038033651583,1.8049213420208403,0.4910625593480586,0.4190760579483552,0.44403096101578393,0.16925121814515834,0.027432478546390218,0.1833695753031856,0.019928595842140455,0.014118357158027223,0.14899036731675114,0.037267758149158656,0.13821733407767534,0.028094163773453144,-0.010773033239075825,0.7425997836105134,0.7683141742947857,0.02571439068427237,4,4,2,3,1
1.0,0.1,5,0.2168027212557681,0.07301894668391612,0.20990662156505815,0.06153372220328918,-0.006896099690709962,0.047915705252591256,1.230203516522638,0.27503381693706414,1.2917047960416863,0.26166716899856707,0.06150127951904831,0.22558880716800092,0.1676894281904649,0.012740009158900362,0.15586626327370398,0.0168046657846012,-0.011823164916760942,0.14609318818547692,0.023374656252516557,0.14057564435822117,0.026326862336558787,-0.0055175438272557584,0.4544964002502816,0.3881517454970572,-0.06634465475322436,4,4,4,2,4
1.0,0.5,5,0.17849053023355346,0.04969866015924041,0.21478862680731722,0.08722399809765088,0.03629809657376379,0.10090234071663562,1.1601405249642016,0.27288849464183135,1.2951310776652423,0.4281981717996412,0.1349905527010408,0.5953535044735692,0.1519380788211883,0.01665349010868478,0.15804697010687474,0.012337383334363943,0.006108891285686461,0.1348323736661569,0.01778404745795526,0.12967372655238424,0.029794114464786678,-0.0051586471137726655,0.4173886172450675,0.4703394277471224,0.05295081050205491,3,3,2,3,2
1.0,1.0,5,0.18305011033108762,0.042416519942087595,0.18268554585501878,0.05750885006832073,-0.000364564476068846,0.09351311121233197,1.1136506874057013,0.24560807758761255,1.1041504741723875,0.25158340035197,-0.009500213233313648,0.46224816473078245,0.16325677863856264,0.013434748315891918,0.16189340759884394,0.014461776752187927,-0.0013633710397187083,0.16025238139081469,0.016644281355250017,0.1633302767442258,0.020389640807669994,0.0030778953534110975,0.45044610535521173,0.4649510658172118,0.014504960462000126,2,2,3,2,3
1.0,2.0,5,0.21293951662365,0.06828247407056119,0.17206984673798123,0.0583323503825767,-0.040869669885668744,0.08281857196332393,1.2975827975137686,0.37511195172961354,1.1103041667454732,0.3289936892042494,-0.18727863076829546,0.4611674881107947,0.15783180639105976,0.004100567860829921,0.15387872484528753,0.014736582928255934,-0.003953081545772274,0.13505306619042048,0.017895555553548798,0.1539519402874377,0.03225370035348737,0.018898874097017203,0.4335189301575408,0.5028661741192708,0.06934724396173006,1,1,2,2,2
1.0,5.0,5,0.14205489015850178,0.09489271493986812,0.2191536054344966,0.08308052787997061,0.0770987152759948,0.08541014728540708,0.9369458506478923,0.5405665158784762,1.3198713036602865,0.37445238169198364,0.3829254530123943,0.47636679744356114,0.1504457867456201,0.011136405360489512,0.15653586218432824,0.009137036429173812,0.006090075438708176,0.1382167915678535,0.02123057137932869,0.12771919476411323,0.011926825684209367,-0.01049759680374025,0.39476007214253495,0.4716613378550827,0.07690126571254766,4,3,2,3,1
