alpha,lambda,seed,CAGR_DFL,Volatility_DFL,Sharpe_DFL,MDD_DFL,Turnover_DFL,TestMSE,TestRegret,ValCAGR,ValSharpe,ValMDD,ValMSE,ValRegret,CAGR_RCR,Volatility_RCR,Sharpe_RCR,MDD_RCR,Turnover_RCR,Delta_CAGR,Delta_Volatility,Delta_Sharpe,Delta_MDD,Delta_Turnover,RCR_Better_CAGR,RCR_Better_Sharpe,RCR_Better_Volatility,RCR_Better_MDD,RCR_Better_Turnover
0.0,0.1,42,0.27163354925224126,0.19044900175315405,1.3573650494312308,0.14923689557320097,0.8928677649918664,0.00034581177693142307,0.03145563891870303,-0.20439957615842774,-0.5922689616640282,0.33645126743814313,0.0005566158596995803,0.03343285198763213,0.2694462489831966,0.1902038148335046,1.3498097797583557,0.1490626158281635,0.8927253279540165,-0.0021873002690446786,-0.0002451869196494483,-0.00755526967287512,-0.00017427974503747556,-0.00014243703784988515,False,False,True,True,True
0.0,0.1,43,0.41922976532271816,0.2334172601861969,1.6171714416688978,0.21174629037086834,0.8478974959793198,0.0003401487872654839,0.03098802318759647,-0.21960348741924762,-0.5500403713062093,0.29566540083912085,0.0005410902001069435,0.03347012604551967,0.4168350060056556,0.2331745924270762,1.6113692626494345,0.2117832025848202,0.8478160160905107,-0.002394759317062567,-0.0002426677591207127,-0.005802179019463338,3.691221395185629e-05,-8.147988880913282e-05,False,False,True,False,True
0.0,0.1,44,0.39505049582855367,0.2239761628186414,1.5990892698121888,0.1733667029336764,0.8459539736888231,0.00033918036306332985,0.03106359293439214,0.0704810851372828,0.3682717031523055,0.2941741220902112,0.000547948327129781,0.03219409287443228,0.3946866730997793,0.2237780290350798,1.5991390550712197,0.1732733655741056,0.8458725702838329,-0.0003638227287743878,-0.00019813378356162148,4.9785259030876716e-05,-9.33373595707887e-05,-8.140340499018794e-05,False,True,True,True,True
0.0,0.1,45,0.35724422979103454,0.20508726315652037,1.592445153845183,0.1812692523199778,0.9068868391491783,0.0003414835946264543,0.031186846900090475,-0.2234415634733069,-0.5813118648699143,0.3438766785442563,0.0005707460061593196,0.033498510384041634,0.3566885462930185,0.2048010556609817,1.5923920637833044,0.1808863004913338,0.9068560700504414,-0.0005556834980160463,-0.0002862074955386762,-5.30900618784802e-05,-0.000382951828644007,-3.0769098736893596e-05,False,False,True,True,True
0.0,0.1,46,0.3460990888832105,0.2125542919502069,1.5049755930747637,0.13888881845192957,0.8491491422620551,0.0003297672023260498,0.031214234213153915,-0.3797926625805307,-1.3404594978736901,0.41187351199859235,0.0005377161692720337,0.034411101103951056,0.3431080599195759,0.2124148723654708,1.495343391363283,0.1380115921610624,0.8495734312726673,-0.0029910289636346232,-0.00013941958473609461,-0.009632201711480715,-0.0008772262908671724,0.0004242890106121999,False,False,True,True,False
0.0,0.5,42,0.2578491481669658,0.18942414289474135,1.3060964794445113,0.14960907804345036,0.8923653212625369,0.00034581177693142307,0.031489917980132745,-0.2017855546949704,-0.5868671735264106,0.339550459026554,0.0005566158596995803,0.03342451648831689,0.2560432156115964,0.1891092794661117,1.3003560265234757,0.1495722415624548,0.892235028946807,-0.0018059325553694272,-0.0003148634286296581,-0.005740452921035644,-3.683648099556125e-05,-0.0001302923157299185,False,False,True,True,True
0.0,0.5,43,0.40912433128487136,0.2303704016691566,1.6045014313997266,0.21219880312544015,0.8495112654907018,0.0003401487872654839,0.03102623650358778,-0.2161845883138218,-0.5424770926302156,0.2963408961876819,0.0005410902001069435,0.03349118808991039,0.4080237019437727,0.2298791001220793,1.6040491001384751,0.2119929299310755,0.8501412000761526,-0.001100629341098669,-0.0004913015470772997,-0.0004523312612514374,-0.00020587319436465856,0.0006299345854507976,False,False,True,True,False
0.0,0.5,44,0.3986321203852452,0.22339120931271153,1.614193609863837,0.17257633135645467,0.84701003327632,0.00033918036306332985,0.03105790489318897,0.09659212076001178,0.4356721962591029,0.2824196639324198,0.000547948327129781,0.03213776240040034,0.4000847694458391,0.2225392779822583,1.6241870389610589,0.171296990707635,0.8473645524428927,0.0014526490605938913,-0.0008519313304532206,0.009993429097221895,-0.0012793406488196823,0.00035451916657269766,True,True,True,True,False
0.0,0.5,45,0.3455661448863223,0.20283885100511692,1.5652149234762585,0.1796941752581268,0.908337121833363,0.0003414835946264543,0.031218949542370197,-0.2414600359789787,-0.6616450166510601,0.35004696261552526,0.0005707460061593196,0.033630455368552234,0.3453421149501199,0.2025097598975425,1.566617744760337,0.1794924350724674,0.9086137759373442,-0.00022402993620240785,-0.00032909110757442517,0.001402821284078648,-0.00020174018565941032,0.0002766541039811443,False,True,True,True,False
0.0,0.5,46,0.3389539921562519,0.2104129253671176,1.492776186890997,0.14607106447077634,0.850204131068656,0.0003297672023260498,0.03123558591696443,-0.3682313188442564,-1.3043036665905634,0.401603194792605,0.0005377161692720337,0.034368475519857195,0.3347479642488118,0.2095294500748607,1.4831536261223333,0.1479854583685802,0.8504040178406873,-0.004206027907440069,-0.00088347529225688,-0.009622560768663746,0.0019143938978038733,0.00019988677203131022,False,False,True,False,False
0.0,1.0,42,0.23251050298702802,0.19700941633191907,1.1600202002882083,0.13093096053459952,0.8787447125635672,0.00033907206031068407,0.03157582141132124,-0.19622679705501833,-0.5705334130171764,0.31367490495468864,0.0005525856350030958,0.0334336782017514,0.2306082972187964,0.1883149136593697,1.1963087656763771,0.1506040048610888,0.8927247618592373,-0.0019022057682316351,-0.00869450267254937,0.036288565388168825,0.01967304432648928,0.013980049295670094,False,True,True,False,False
0.0,1.0,43,0.4198403458797684,0.22688774390525976,1.659027681356423,0.20521850677357578,0.8541253846410297,0.0003401487872654839,0.03100363699156385,-0.17610701354819658,-0.40704785171710395,0.29404708292828674,0.0005410902001069435,0.0333312003504211,0.4211240476670597,0.2260011826116872,1.668652025391426,0.2025043841407169,0.8549367935998854,0.0012837017872913137,-0.0008865612935725631,0.009624344035003007,-0.0027141226328588897,0.000811408958855675,True,True,True,True,False
0.0,1.0,44,0.4030603145184233,0.22085961966251916,1.6445089383706082,0.1680839349841149,0.8482366133668812,0.00033918036306332985,0.031048483073414214,0.07186701060865741,0.3721682585896808,0.2847740242135992,0.000547948327129781,0.03226413346936344,0.4103543125857483,0.219380614953782,1.677759440502041,0.1644977530136058,0.8491271557179143,0.007293998067325003,-0.0014790047087371583,0.03325050213143288,-0.0035861819705090836,0.0008905423510331412,True,True,True,True,False
0.0,1.0,45,0.33310234185749166,0.20082969869398215,1.5325461661677093,0.17897843004112945,0.909814748681303,0.0003414835946264543,0.031247680273414014,-0.22644253912023693,-0.6169706462802986,0.33591967878933326,0.0005707460061593196,0.033586452778016855,0.3337405624741547,0.2003571332075111,1.538088130230298,0.1796934513470627,0.9101802170494464,0.0006382206166630211,-0.00047256548647103824,0.005541964062588667,0.0007150213059332333,0.0003654683681434401,True,True,True,False,False
0.0,1.0,46,0.3261218578007221,0.2083730098198423,1.4590835966106266,0.14489325754337834,0.851603610875977,0.0003297672023260498,0.03126940945408932,-0.36081753082517964,-1.2948459677372353,0.3948042464377812,0.0005377161692720337,0.03434367727413599,0.3222184384145263,0.2074160460190406,1.4506231136542955,0.1478504570902585,0.8516436822350405,-0.0039034193861958166,-0.0009569638008017078,-0.008460482956331061,0.0029571995468801737,4.007135906347603e-05,False,False,True,False,False
0.0,2.0,42,0.21372047717923026,0.18733519083487724,1.1277719691811654,0.15243380932410344,0.8950090634688229,0.00034581177693142307,0.03157525395055404,-0.1924236377408004,-0.5565391275167368,0.3406944360318134,0.0005566158596995803,0.03332883942214772,0.2242284005018422,0.1864673380489941,1.178416941516295,0.1504386998176021,0.8950619346052527,0.01050792332261194,-0.0008678527858831386,0.05064497233512966,-0.001995109506501336,5.2871136429821775e-05,True,True,True,True,False
0.0,2.0,43,0.4096709534687053,0.2193196619427858,1.6758162835319295,0.1999866759076545,0.857382505808042,0.0003401487872654839,0.03103187916868861,-0.18499845297578343,-0.4588235902344578,0.29515339228296733,0.0005410902001069435,0.03341695225112035,0.4154822049776858,0.2176779520097817,1.705731356085529,0.1971812961395844,0.857351166841169,0.005811251508980486,-0.0016417099330040819,0.029915072553599487,-0.0028053797680701043,-3.133896687301796e-05,True,True,True,True,True
0.0,2.0,44,0.3780976151870501,0.2153354629757358,1.5976407486695532,0.1619230875472636,0.8519117857608004,0.00033918036306332985,0.03110838320397208,0.059891351126748704,0.3402669301774011,0.2789831503966711,0.000547948327129781,0.032352453183824015,0.3745353432393421,0.2136782249499119,1.5962152006198036,0.1580882924754958,0.8528712875212261,-0.0035622719477079734,-0.001657238025823904,-0.001425548049749592,-0.003834795071767788,0.0009595017604256961,False,False,True,True,False
0.0,2.0,45,0.30851129465425653,0.19510111173884215,1.47625656210884,0.1800128775962102,0.9100989249533105,0.0003414835946264543,0.03129412279685252,-0.193295931971453,-0.5112262484310155,0.33701843589245783,0.0005707460061593196,0.03344971947244578,0.3009492043884225,0.1936385749343222,1.4559879831564255,0.1793003215753121,0.909506700405594,-0.007562090265834043,-0.0014625368045199372,-0.020268578952414407,-0.0007125560208981196,-0.0005922245477164578,False,False,True,True,True
0.0,2.0,46,0.3196501632292421,0.2019578804496397,1.474583146847589,0.1403923732440372,0.8541766650479824,0.0003297672023260498,0.03126618630699587,-0.3448888809140431,-1.2602348597569382,0.38390423684206065,0.0005377161692720337,0.034266546126231555,0.3210315121475744,0.2004273469009582,1.4895051790647895,0.1430456750729229,0.854166138926641,0.0013813489183323036,-0.0015305335486814897,0.014922032217200565,0.002653301828885707,-1.0526121341447592e-05,True,True,True,False,True
0.0,5.0,42,0.2410557020997306,0.17917081413912228,1.2952614361424883,0.13572390772121312,0.8989229676443518,0.00034581177693142307,0.031313450029964066,-0.14239184469136656,-0.38411597431341055,0.3156374664770629,0.0005566158596995803,0.032825888590654884,0.2597453719519416,0.1772529991043543,1.3917520080085344,0.1294281704242842,0.8986524865442643,0.01868966985221099,-0.0019178150347679834,0.09649057186604604,-0.006295737296928922,-0.00027048110008742743,True,True,True,True,True
0.0,5.0,43,0.4283530351960365,0.2079291683527476,1.8192861676362562,0.18757781604883805,0.8649670841276199,0.0003401487872654839,0.03089435712452277,-0.22925568439190425,-0.7194154872647013,0.287021964827621,0.0005410902001069435,0.03355438540526644,0.4295861406396117,0.2059785219745792,1.8387292247056335,0.1823245421175033,0.8628253154390281,0.0012331054435751887,-0.0019506463781684136,0.019443057069377323,-0.005253273931334762,-0.0021417686885918386,True,True,True,True,True
0.0,5.0,44,0.319537381137849,0.20310735104235225,1.4672087953640982,0.171134959044687,0.8574491744387424,0.00033918036306332985,0.03118657118452855,0.03815532978528169,0.27773515128447024,0.26574376838922453,0.000547948327129781,0.03235498314022425,0.330141268952248,0.1991279323404967,1.5327274291281223,0.1607224442796606,0.8591034048074212,0.010603887814398971,-0.003979418701855558,0.06551863376402411,-0.010412514765026415,0.001654230368678844,True,True,True,True,False
0.0,5.0,45,0.28132699922763926,0.1837236498772786,1.4415780808577898,0.16232254478979224,0.9124869277628604,0.0003414835946264543,0.03121689714944291,-0.07371253886432505,-0.107953289442256,0.268736755649408,0.0005707460061593196,0.03282238590236155,0.2716404574150008,0.182190038441468,1.410481641290279,0.1606180316161276,0.9111514218139743,-0.00968654181263845,-0.0015336114358106001,-0.031096439567510847,-0.0017045131736646568,-0.0013355059488860954,False,False,True,True,True
0.0,5.0,46,0.2904661350559061,0.19108975815866766,1.4300178775241248,0.14382309563201734,0.8602444093645153,0.0003297672023260498,0.0312196044376559,-0.3319115223762301,-1.2722039570594352,0.3755604605984585,0.0005377161692720337,0.034020123307623405,0.2765336861746024,0.1899738314972482,1.3801190729406785,0.1470114470181616,0.8608836919635824,-0.013932448881303738,-0.001115926661419464,-0.04989880458344631,0.0031883513861442614,0.0006392825990670925,False,False,True,False,False
0.25,0.1,42,0.301381647102805,0.1734237489180176,1.6062480525951697,0.15047022407614274,0.4624095696535736,0.0003416720030343348,0.031371677391820514,-0.003320555189681218,0.12412721298597086,0.2198959009328343,0.0005759306095931975,0.03256634149899578,0.0689080844525946,0.179838414768031,0.4603172394429059,0.2847440779980575,0.506804236584162,-0.2324735626502104,0.006414665850013407,-1.1459308131522636,0.13427385392191477,0.044394666930588356,False,False,False,False,False
0.25,0.1,43,0.31618017976878776,0.1380119482799223,2.060557100189303,0.10362687562101713,0.534866407846566,0.000344047619367022,0.0313442445055335,-0.003978433917254831,0.09630943072784987,0.2101739046623865,0.0005689632817518441,0.03260784435009485,0.2449472646786561,0.1402224429050294,1.633061531168615,0.0998689513248333,0.3320533243591547,-0.07123291509013166,0.0022104946251070845,-0.42749556902068786,-0.003757924296183837,-0.20281308348741134,False,False,False,True,True
0.25,0.1,44,0.17750081606561152,0.17417936196733189,1.0252992318021412,0.16816525794527226,0.6929879553257291,0.00035331037320116866,0.03176903310420013,-0.09172337522575191,-0.19574073536919426,0.2630577666749647,0.0005938001577668188,0.03292416577739573,0.3206048919605413,0.1595755837726185,1.8230880646467624,0.1167531808040441,0.5273261113010622,0.1431040758949298,-0.014603778194713396,0.7977888328446212,-0.05141207714122817,-0.16566184402466688,True,True,True,True,True
0.25,0.1,45,0.41396393172029056,0.17441154770488912,2.0741651477467005,0.15229804321453677,0.46362913087848795,0.00034100318531266147,0.031041254891018864,0.06283131228708205,0.3613737869657331,0.14774377338624212,0.0005925930353517893,0.032320939896467366,0.2421092226259509,0.1785573059633585,1.303609040387539,0.1892257406618466,0.4651147209944228,-0.17185470909433967,0.004145758258469384,-0.7705561073591614,0.03692769744730984,0.001485590115934854,False,False,False,False,False
0.25,0.1,46,0.40154249033683587,0.14949034025424815,2.3341234151531767,0.08822027998131265,0.4451189376504213,0.0003349462520707214,0.03108978448210319,0.15870506333121193,0.7434396771491315,0.11404558270876752,0.0005727074509282482,0.032003114539290896,0.4054042346498305,0.2211065958595554,1.6500156673195314,0.1352973992386358,0.5770667527820421,0.0038617443129946305,0.07161625560530724,-0.6841077478336453,0.047077119257323136,0.1319478151316208,True,False,False,False,False
0.25,0.5,42,0.4750368346978222,0.21426482883769277,1.9221162660366564,0.17256333039203609,0.5999369150218746,0.0003425173450195607,0.030851829388652767,-0.13518474961178095,-0.29911255270345916,0.23755732803491014,0.0005749095087746656,0.03310161936651931,0.1947212769908608,0.2180600286076749,0.9251617577392244,0.1889771497154407,0.518651053103175,-0.28031555770696137,0.0037951997699821327,-0.996954508297432,0.016413819323404605,-0.08128586191869958,False,False,False,False,True
0.25,0.5,43,0.27437247955443556,0.1653416177218128,1.549446950883712,0.1569792340385413,0.44029434001864676,0.00030066163315631267,0.03144041269208721,-0.05483820392470906,-0.04712512285223062,0.23496017806525848,0.0005036601855881527,0.032763307485927026,0.3260684155412297,0.1986548303763876,1.520128625044875,0.1859389084225038,0.4939481610755108,0.05169593598679412,0.03331321265457479,-0.0293183258388372,0.02895967438396249,0.05365382105686406,True,False,False,False,False
0.25,0.5,44,0.21023379388438235,0.14228740538880003,1.4125113122177433,0.09694718487381915,0.4998753335436247,0.0003370113757596925,0.03163661121375007,-0.026317016702244622,0.014001900129912512,0.2300811807503056,0.0005644908686450486,0.032642427041986485,0.4513517319416127,0.1931819221931049,2.0259239244115808,0.1275261720978253,0.5534843953854836,0.24111793805723036,0.05089451680430487,0.6134126121938375,0.03057898722400615,0.053609061841858874,True,True,False,False,False
0.25,0.5,45,0.31465240038828557,0.1806722207723959,1.6049073694195772,0.17796392716158616,0.5292664229283857,0.00032459671541306236,0.031307966586437246,-0.1354004744857007,-0.3530833651650047,0.28480348104592,0.0005418951915339585,0.03311104270392095,0.5725115030893817,0.2108133819426328,2.2539909842465287,0.1546304651650081,0.6069676949150098,0.25785910270109613,0.030141161170236908,0.6490836148269514,-0.023333461996578042,0.07770127198662413,True,True,False,True,False
0.25,0.5,46,0.2732811324689717,0.17922820838761155,1.4377667106529897,0.15456017585911175,0.40817644557702626,0.0003139799475970175,0.03144195230334595,-0.08331028903057158,-0.13903286450041558,0.25559493602466987,0.0005103341151637386,0.03286704329034104,0.368827122595071,0.1696671731829436,1.936110210540548,0.1186506570709783,0.5887891696613256,0.09554599012609932,-0.009561035204667945,0.49834349988755844,-0.03590951878813345,0.1806127240842993,True,True,True,True,False
0.25,1.0,42,0.4262844434855426,0.2316529567749919,1.648643793795101,0.10977018266353278,0.6863185044208387,0.0003186543271401519,0.0310252041630887,-0.15356162740475277,-0.3411130708054947,0.34603212560280616,0.000524969542384207,0.0332319964067287,0.5908769677310428,0.2582620969339196,1.9273067851183667,0.1270820356229864,0.632390037066379,0.1645925242455002,0.026609140158927708,0.27866299132326566,0.017311852959453616,-0.053928467354459775,True,True,False,False,True
0.25,1.0,43,0.1706672147900632,0.17399346411446576,0.9926950738590588,0.16595271367203768,0.4035797736552907,0.000312465112350527,0.03174867660998317,0.10416728674403841,0.46777874257942265,0.26515377090582437,0.0005146638719611745,0.03213883671522178,0.1688672916917524,0.1651942014663331,1.027317134681989,0.0966206870684857,0.7255157095458469,-0.001799923098310785,-0.00879926264813266,0.03462206082293018,-0.06933202660355198,0.3219359358905562,False,True,True,True,False
0.25,1.0,44,0.30077515845448843,0.18975000469156178,1.4808426396189136,0.20718018516052927,0.609025805265651,0.0003138524073645971,0.0313276487700322,-0.17184087809686344,-0.4657169237182178,0.26600753085867357,0.0005290548139032852,0.033217650767434485,0.2489439229283125,0.1741928559823002,1.3633563758453908,0.1241175015825684,0.6883173474585764,-0.05183123552617594,-0.015557148709261587,-0.11748626377352278,-0.08306268357796087,0.07929154219292545,False,False,True,True,False
0.25,1.0,45,0.18237878658578932,0.16802935194529925,1.0812781872561772,0.13064166196112537,0.603397583582563,0.00031243740088552095,0.03169430365543946,0.11235879046054298,0.5247993247718481,0.17823986404423608,0.0005224125999660487,0.03206865216973451,0.3015817095402187,0.1775181411864065,1.5740356272201663,0.1218628367021497,0.6849934167254661,0.11920292295442936,0.009488789241107243,0.49275743996398913,-0.008778825258975664,0.08159583314290308,True,True,False,True,False
0.25,1.0,46,0.4578252608800444,0.19284824151795185,2.0517983842020127,0.13778889731689437,0.5079888533894247,0.000302909816336685,0.030884354860120686,-0.18895692863142144,-0.5649573003825085,0.28699954276855655,0.0005092136815804394,0.033355072165919646,0.5055424761099878,0.2252281563455878,1.929644349920811,0.1828516569997836,0.5285366807752101,0.04771721522994343,0.03237991482763594,-0.12215403428120175,0.045062759682889225,0.020547827385785422,True,False,False,False,False
0.25,2.0,42,0.20534348864948426,0.20173522524512838,1.026605690999986,0.13684229022632988,0.6649258577892255,0.0003179037731068016,0.03165827197125098,-0.002094819649094082,0.1499521958256323,0.24472559115933157,0.0005496036895806808,0.032568735189957114,0.4016836380361757,0.220365856482802,1.642699398047064,0.1331756488673787,0.7670236720764798,0.19634014938669142,0.01863063123767361,0.616093707047078,-0.0036666413589511726,0.10209781428725428,True,True,False,True,False
0.25,2.0,43,0.18091995984937337,0.20710403210084188,0.9061255707039275,0.1591531275529373,0.6408112729999778,0.0003192695740032372,0.03170859277616177,-0.05740174884965288,0.00539156460097628,0.30611832357793256,0.0005218570163070904,0.03280366081036995,0.5408885653217936,0.2539937548219233,1.8297037255414916,0.1553772124489103,0.6774383626208667,0.35996860547242027,0.04688972272108144,0.9235781548375641,-0.003775915104027,0.0366270896208889,True,True,False,True,False
0.25,2.0,44,0.4286304880471141,0.20453137461170692,1.8470473815741624,0.13713997710610015,0.6904733237341892,0.00030904921267357,0.03098680978109657,0.15305552611045647,0.5974333958633332,0.2106334296053214,0.000512040007661887,0.03204253322696062,0.4709961082680196,0.2259365435208602,1.821670789164645,0.1838312567127933,0.7587113711138719,0.04236562022090545,0.021405168909153283,-0.025376592409517285,0.04669127960669314,0.06823804737968264,True,False,False,False,False
0.25,2.0,45,0.4571624411686257,0.21083390630004958,1.8915860103108149,0.12354912421257491,0.6822416365821569,0.0003160557832399707,0.030883183887636827,0.025048201022896288,0.23675347055870882,0.2951950574019797,0.0005398757125675841,0.03247008113611918,0.5861379584748103,0.1917689029589945,2.50294963388741,0.1259867658906923,0.711912720368704,0.12897551730618462,-0.01906500334105507,0.6113636235765953,0.002437641678117386,0.029671083786547148,True,True,True,False,False
0.25,2.0,46,0.45905805305387215,0.2020534605924708,1.971706446650433,0.15330887196565823,0.5800318215557297,0.000313103796896468,0.030857313991800035,-0.0777065306897533,-0.11721478778535295,0.24050422332616606,0.0005453539675053402,0.03286094234713288,0.3244838634633302,0.2377582081631943,1.3010834723524307,0.1614338102821647,0.6432934106300898,-0.13457418959054196,0.03570474757072348,-0.6706229742980023,0.008124938316506458,0.06326158907436008,False,False,False,False,False
0.25,5.0,42,0.008449879096442237,0.21009639194947133,0.1450325991996801,0.18381307317857942,0.7398050769197637,0.0003170120605740675,0.03236576800887045,-0.03531787513978779,0.06388652220093162,0.32635943082714824,0.0005372867964030025,0.03269947829518419,0.2242679934830895,0.1935245395722448,1.1427820179651555,0.128840726225321,0.8316798174281763,0.21581811438664728,-0.016571852377226526,0.9977494187654754,-0.05497234695325842,0.0918747405084126,True,True,True,True,False
0.25,5.0,43,0.5162672298472988,0.21066450907695475,2.0824566960855386,0.11417642281088358,0.7491774595047108,0.0003087928891210066,0.030725764264786744,0.0051163050330309545,0.16521179228474428,0.18990753829918228,0.0005094518246587396,0.03243650112238472,0.4969595219542448,0.2054344067472588,2.067486645353414,0.112804327737364,0.7304977015970839,-0.01930770789305397,-0.0052301023296959515,-0.014970050732124651,-0.001372095073519583,-0.01867975790762688,False,False,True,True,True
0.25,5.0,44,0.539437048072209,0.19559696934142373,2.3046956642077054,0.1246400011332035,0.7162997465312667,0.00030936992039538397,0.030574541946560906,-0.06798336269912952,-0.06588209671973612,0.2629244928110287,0.0005362847511725226,0.03280385379594639,0.311373080825887,0.1910595215249132,1.5148153652945364,0.1615499977672473,0.7732451145346078,-0.22806396724632205,-0.004537447816510526,-0.789880298913169,0.03690999663404379,0.056945368003341046,False,False,True,False,False
0.25,5.0,45,0.16866002723301166,0.20099947345348432,0.8759737075931014,0.17639097569995388,0.7105539022044896,0.00032380006595211043,0.03171473927008771,-0.12113912649584835,-0.24947587154611034,0.29771195517022175,0.0005210849643866736,0.03312870694432988,0.346275168022518,0.1866542710298063,1.6868687101963682,0.1265378403893203,0.8112565627759,0.17761514078950635,-0.01434520242367801,0.8108950026032667,-0.04985313531063357,0.10070266057141042,True,True,True,True,False
0.25,5.0,46,0.4631956020580603,0.19838416630044584,2.0187881602700304,0.17725400108220934,0.6783958133933577,0.00031477341093747325,0.030798021741195267,0.00979042238079475,0.18643504666729652,0.21298852228870013,0.000537497657133207,0.03243366733062523,0.2413326018174522,0.1901391996808343,1.2322576119102175,0.1581848110485885,0.787885127060017,-0.22186300024060812,-0.008244966619611549,-0.7865305483598128,-0.019069190033620842,0.10948931366665926,False,False,True,True,False
0.5,0.1,42,0.1379390423497162,0.17432648780005577,0.8281560101439509,0.15185546681371787,0.6889029119912373,0.0006775611542902281,0.03190453473294333,0.004000342730084316,0.13922602601487605,0.17275492102974266,0.0012187085492885207,0.03256452425633569,0.1763392828055627,0.1743712332261266,1.0185305772367144,0.1927672435184172,0.6482237246931678,0.0384002404558465,4.474542607083021e-05,0.19037456709276346,0.04091177670469934,-0.04067918729806952,True,True,False,False,True
0.5,0.1,43,0.1580685809087099,0.14773203605978197,1.0672531317930427,0.1254243162437345,0.617401476398765,0.0008336618585989956,0.031848354399802714,-0.1639219255550589,-0.5939797798127775,0.2680003688954895,0.0013920295560561804,0.03328569810379595,0.2909217179435273,0.1425660420111462,1.8632740241429877,0.1291893526491225,0.3360502014475995,0.13285313703481738,-0.005165994048635769,0.796020892349945,0.0037650364053880003,-0.28135127495116546,True,True,True,False,True
0.5,0.1,44,0.20481331049296347,0.15266432199146612,1.2970448240151262,0.14245142438711833,0.6291874765963519,0.0006799332342716368,0.0316893746341849,-0.10555776997144362,-0.356296992130599,0.2301398323276782,0.0012108366579314568,0.033029463593783004,0.1641672661015898,0.158558785447865,1.0379612072552789,0.1882651316712501,0.6528878212777892,-0.040646044391373676,0.00589446345639888,-0.25908361675984737,0.04581370728413178,0.023700344681437335,False,False,False,False,False
0.5,0.1,45,0.20280212682430365,0.16423146300733107,1.2066697139825378,0.18990528750253477,0.6030912713348998,0.00044579125591223716,0.0316906602843245,-0.15583761040417676,-0.43120869369674564,0.31779005248125325,0.0008117010762666415,0.03320778002801442,0.2329313173030824,0.1673779823383389,1.3348931874157244,0.1877814995631036,0.694321755356408,0.03012919047877874,0.0031465193310078188,0.12822347343318663,-0.00212378793943116,0.09123048402150824,True,True,False,True,False
0.5,0.1,46,0.20532612456953436,0.16643279358173346,1.20527376759404,0.128626666779604,0.6108600510538912,0.000418588650730694,0.03167944048324471,0.059129047045852534,0.3465909871473481,0.15807579892897283,0.0006976472858554754,0.032327696850032124,0.4310012061696548,0.1817509840558572,2.063528638994013,0.1187250807766535,0.6475118707190364,0.22567508160012045,0.01531819047412375,0.8582548713999731,-0.009901586002950491,0.03665181966514519,True,True,False,True,False
0.5,0.5,42,0.29371198891190287,0.1690172574331655,1.6087290534698027,0.12700828489572613,0.549744668836595,0.00033302039163301454,0.031374402814622004,-0.12922564216891375,-0.31431013646894257,0.28359216907484286,0.0005667351558016042,0.03308024374078435,0.2152500459082515,0.1927815658141834,1.1076606731158003,0.1579181831201261,0.4898539836901009,-0.07846194300365136,0.023764308381017896,-0.5010683803540024,0.030909898224399962,-0.059890685146494094,False,False,False,False,True
0.5,0.5,43,0.4823276506549543,0.189974350863339,2.167836970294436,0.12489227786518453,0.57309256705115,0.00033721175035834357,0.030827528782047114,0.012024049067632436,0.19161280986980836,0.20562387294173112,0.0005655888258386774,0.032467158947333694,0.2865041102238923,0.18510587113724,1.4537553713624376,0.1333400896551663,0.6438774597112159,-0.19582354043106198,-0.004868479726098995,-0.7140815989319982,0.008447811789981774,0.07078489266006593,False,False,True,False,False
0.5,0.5,44,0.23163665855033955,0.16415194692321605,1.3514417287047606,0.1439082044433636,0.6418443012938898,0.00037892412896678126,0.031569617963537515,0.023865132139489154,0.22030863161065328,0.1880050433927568,0.000628897514072733,0.03244340177980215,0.4980680539907989,0.1879166149571964,2.245917241421844,0.1298899031465858,0.4107754192623992,0.26643139544045935,0.023764668033980335,0.8944755127170831,-0.014018301296777808,-0.23106888203149062,True,True,False,True,True
0.5,0.5,45,0.22622707486748395,0.15452167129492508,1.3974480776031124,0.13316348795900512,0.6533724507886662,0.0003733371152220339,0.03158598488616444,0.09328009411042548,0.4603239069791027,0.18766614221853406,0.0006609753600277184,0.03217542973012546,0.2825715533873378,0.17317537551193,1.5239724711909706,0.1396154777229741,0.6285850597361625,0.05634447851985386,0.018653704217004907,0.12652439358785816,0.0064519897639689905,-0.024787391052503716,True,True,False,False,True
0.5,0.5,46,0.26995996806763056,0.1776304330302657,1.4346292254536332,0.14925673197887435,0.6478269415291262,0.0003791041872161045,0.0314495550349178,0.011897054097482984,0.18565208396293337,0.24706215489117356,0.0006333537480007278,0.03247604128900909,0.5081660544521978,0.1805842205217244,2.3667416458664183,0.0990630629063991,0.5356346838175848,0.2382060863845672,0.0029537874914586926,0.9321124204127851,-0.050193669072475244,-0.1121922577115414,True,True,False,True,True
0.5,1.0,42,0.3339720540008799,0.20122655445639723,1.5325353107265698,0.1601398443739528,0.673499067287817,0.000332514210904846,0.03122891889002755,-0.0008643435025865731,0.13779634018344578,0.1852934131039321,0.0005822005251281527,0.03250489042213347,0.6767070474075807,0.2660100178050623,2.0773221022691266,0.2410127515815142,0.5044752553464781,0.34273499340670077,0.06478346334866505,0.5447867915425568,0.0808729072075614,-0.16902381194133898,True,True,False,False,True
0.5,1.0,43,0.30617170489835166,0.19243460338154972,1.4846964668370592,0.13737776967821758,0.7132627857121233,0.00032443607785185945,0.03130902119492462,0.04766482936143501,0.304660314988489,0.26492474494144,0.0005550006785071956,0.03232230145375497,0.3687757945203676,0.2193505636453651,1.5408704030104858,0.1174903949658477,0.6873063173110942,0.06260408962201591,0.026915960263815375,0.056173936173426586,-0.01988737471236987,-0.025956468401029165,True,True,False,True,True
0.5,1.0,44,0.40437764686182676,0.1675651622739661,2.1114661253335174,0.11181174027714125,0.6879547043729691,0.00036992563526788057,0.031014539631135696,0.09244760587607304,0.46183081810043036,0.15414742847002894,0.000632885787510814,0.032137476982709134,0.2598151591868938,0.1996122874538961,1.257465238807281,0.1965731728134486,0.6705317684079338,-0.14456248767493296,0.03204712517993,-0.8540008865262365,0.08476143253630736,-0.017422935965035302,False,False,False,False,True
0.5,1.0,45,0.033418806296248604,0.15835162781031437,0.28667219816505307,0.23603546515684504,0.5881895027517434,0.0003705565570561284,0.032215616690299126,0.03140338169853618,0.24882785159795243,0.2548503775384455,0.0006588332334614964,0.032344446371578385,0.3691008229361661,0.1862448683830576,1.780398303598232,0.1009968937063241,0.5810866178302241,0.3356820166399175,0.027893240572743228,1.493726105433179,-0.13503857145052095,-0.007102884921519337,True,True,False,True,True
0.5,1.0,46,0.206788484784173,0.1707167126090858,1.186497741682316,0.15904856291437652,0.6035244915089549,0.0003667949454999031,0.031618127832679914,-0.05158974182156029,-0.05754008104268225,0.21886376718661238,0.0006146562270415702,0.032689171444687276,0.56166212190274,0.2095752658106325,2.232670500678171,0.1038903807485659,0.6410703730409523,0.354873637118567,0.038858553201546686,1.0461727589958552,-0.05515818216581063,0.03754588153199734,True,True,False,True,False
0.5,2.0,42,0.4357001032707908,0.2121929327879543,1.8114162918849772,0.11988492539409223,0.6762869591192786,0.0003272765670451368,0.03098346397120251,0.061290561269851995,0.3441909435186019,0.20426429988380368,0.0005659054903558407,0.03230623656508195,0.2669874203368569,0.2321517681905524,1.1356168755344966,0.186795281189444,0.6441703853735857,-0.16871268293393388,0.019958835402598074,-0.6757994163504806,0.06691035579535176,-0.03211657374569288,False,False,False,False,True
0.5,2.0,43,0.3867489800424273,0.19868184424888627,1.7454781529412646,0.14189417617067057,0.7401171435580484,0.0003423107423612854,0.03105807203404573,-0.11315300051460064,-0.26003878987008855,0.27944321785951665,0.000585439206338469,0.032994559411299355,0.3216931909950067,0.1960360998491109,1.5212503004036215,0.1544257111547586,0.6645378753608132,-0.0650557890474206,-0.002645744399775357,-0.2242278525376431,0.012531534984088016,-0.07557926819723515,False,False,True,False,True
0.5,2.0,44,0.5901465487966351,0.1800747505890601,2.6675999431089314,0.14603899491261008,0.6914398341657667,0.00035401501705808737,0.030484066241315378,0.09590081785082405,0.44486922729480005,0.18258894849154872,0.0006045932301544617,0.032128471434979745,0.4299042049080734,0.1955135084804345,1.927477764550752,0.1892918791769225,0.7277896832866364,-0.16024234388856168,0.015438757891374388,-0.7401221785581795,0.043252884264312425,0.03634984912086969,False,False,False,False,False
0.5,2.0,45,0.4433581059297371,0.19866509618375933,1.947693579268005,0.1465520100767378,0.5869310354171042,0.000325111683268799,0.030892797277034627,0.09877466886791453,0.45262518481302777,0.22676998440455987,0.0005386188057895037,0.03217616974479711,0.3773698337686078,0.1908959791996453,1.773400412207432,0.1867961377940347,0.6617571477083641,-0.06598827216112935,-0.007769116984114033,-0.17429316706057296,0.04024412771729691,0.0748261122912599,False,False,True,False,False
0.5,2.0,46,0.3292935565656101,0.1859859579845322,1.6237983279851311,0.1284639863335777,0.46961614734465806,0.0003086488700111435,0.031199395177975476,-0.08200349604015067,-0.16023933252596162,0.23839442848461478,0.0005228194998080037,0.03283940473095528,0.4556517332231404,0.2151827272368433,1.8531892679662807,0.1688705745551907,0.4977692188998677,0.1263581766575303,0.0291967692523111,0.22939093998114957,0.040406588221613,0.02815307155520963,True,True,False,False,False
0.5,5.0,42,0.015264380519187881,0.21564842334222287,0.17796766924419297,0.21033794865592592,0.6973164794800139,0.00032739550186936347,0.03234216061921851,-0.06419568798260955,-0.0826156021212528,0.26787444373690616,0.0005290714643090458,0.03270096602193242,0.3822327033170833,0.2116527710683458,1.6360901191792696,0.1522163321881842,0.7505764590004208,0.36696832279789543,-0.003995652273877076,1.4581224499350767,-0.05812161646774172,0.05325997952040695,True,True,True,True,False
0.5,5.0,43,0.4030848819239172,0.17778333251536957,1.994912577607935,0.1908868203282289,0.7383554669691775,0.00032283525209635713,0.030793717983352273,0.10372924841445297,0.5029537224557474,0.16577490360302582,0.0005494362080517963,0.03190270871175965,0.3831702646847912,0.182714448499011,1.867354946261696,0.1170536974538861,0.8084635664982928,-0.01991461723912602,0.004931115983641432,-0.127557631346239,-0.07383312287434281,0.07010809952911523,False,False,False,True,False
0.5,5.0,44,0.2987519984180198,0.18730640516180658,1.4894610513723583,0.11295650183720563,0.8141197899333278,0.0003236673464502918,0.031114216887069127,0.07832726970508386,0.407283239142725,0.2585371862396597,0.0005614798699470378,0.032067403157366774,0.4053318850329714,0.1809801938631361,1.9717692232271085,0.1416745318362361,0.8403167868922188,0.1065798866149516,-0.0063262112986704755,0.48230817185475017,0.028718029999030475,0.026196996958890995,True,True,True,False,False
0.5,5.0,45,0.46987951836092634,0.19284692003795456,2.0949334065537033,0.13280208860599685,0.7065627571554376,0.00031188801816571515,0.030773528977757716,0.19589331073187455,0.821537341709688,0.22194442825151928,0.0005356339169378611,0.03164065142175941,0.2424610449470883,0.181230954239773,1.2888287951732211,0.1152158169096341,0.7373799424058021,-0.22741847341383803,-0.011615965798181555,-0.8061046113804822,-0.017586271696362746,0.030817185250364476,False,False,True,True,False
0.5,5.0,46,0.5661181580463681,0.19808434670774183,2.365249469655308,0.11207176614543413,0.5645438458191865,0.0003195423874409299,0.030557490058125646,-0.09458429396843637,-0.20165388453610994,0.29543885388215674,0.0005474781977667648,0.03258952921138202,0.5356741197439034,0.2298711980792443,1.9819958815894407,0.1748183093064595,0.7445759629244844,-0.03044403830246467,0.03178685137150247,-0.3832535880658672,0.06274654316102538,0.18003211710529787,False,False,False,False,False
0.75,0.1,42,0.28797124974453814,0.18159826482267583,1.4845685511956679,0.1532946377430312,0.439998014031711,0.0012321414278863155,0.03140885698417938,-0.1233192984095971,-0.4473323769634073,0.22064745773685557,0.0017587539602620193,0.03311226919622228,0.2800952658678757,0.1596796747944693,1.626691651342839,0.1480258430055129,0.4712902686031851,-0.00787598387666244,-0.021918590028206536,0.14212310014717122,-0.00526879473751829,0.03129225457147411,False,True,True,True,False
0.75,0.1,43,0.25844176505621475,0.14175104263301902,1.6930032776471238,0.09213832999478178,0.5437008301750476,0.0010024818337485602,0.03152063269531985,0.047548181543295875,0.3209920333358814,0.19364969637340712,0.0016361826147691188,0.03241352480997286,0.0640917627776556,0.1438259272277862,0.5036571642804627,0.1658249085520764,0.6435550838764957,-0.19435000227855914,0.002074884594767179,-1.189346113366661,0.07368657855729463,0.09985425370144818,False,False,False,False,False
0.75,0.1,44,0.22951051319067162,0.1580886833892716,1.3863311440900459,0.13645387488552696,0.4243993143806824,0.001350450602595021,0.03160622361191155,-0.08518267344718067,-0.20497099442970482,0.294523291078589,0.0019397620247135242,0.03291841743686524,0.2508059200540913,0.1477142626726303,1.5894508590188805,0.0991839764410534,0.5573664171357714,0.021295406863419686,-0.010374420716641297,0.20311971492883463,-0.037269898444473565,0.132967102755089,True,True,True,True,False
0.75,0.1,45,0.19848762885505145,0.17103219556147403,1.1444383391706496,0.14174295227622935,0.68586685591823,0.001159005536521547,0.03169931861535996,-0.005694054167348694,0.11349540825185292,0.27546884013798945,0.0020446246026076405,0.032578948906224044,0.1839940955909136,0.1727454633365217,1.063972927541195,0.1830121467730177,0.6867278321517042,-0.014493533264137853,0.0017132677750476555,-0.08046541162945453,0.04126919449678834,0.0008609762334741422,False,False,False,False,False
0.75,0.1,46,0.31349422087432965,0.19736534215832455,1.4810167584306033,0.17015904315190633,0.5056354200030266,0.0009585005535910174,0.03132000590127874,-0.15351612412556892,-0.4296627152722606,0.28363170026889073,0.0015705413443863807,0.03320152521212887,0.1760966181761494,0.1809449880164595,0.9871124407451932,0.1519861068422281,0.3976515180165593,-0.13739760269818024,-0.016420354141865046,-0.4939043176854101,-0.018172936309678228,-0.10798390198646735,False,False,True,True,True
0.75,0.5,42,0.41270633502359466,0.1819319186838781,1.9909992181066014,0.14778951299438026,0.6413103986734808,0.0004645924403636615,0.031022414066128226,-0.02341535422699359,0.0689957846683713,0.21287601542667023,0.0008323811719553968,0.03261294436953293,0.234472337133383,0.182196555510196,1.2472906482937205,0.1152286742680854,0.7155538575648901,-0.17823399789021166,0.0002646368263179155,-0.7437085698128809,-0.03256083872629485,0.07424345889140926,False,False,False,True,False
0.75,0.5,43,0.2078209292635338,0.1398548493895564,1.4203500009638281,0.18489395834391797,0.6106030917324996,0.0006359845510018655,0.031650155241476886,0.050880180884754544,0.32156508280928575,0.1694911175812711,0.0010281653591965982,0.032338048502724676,0.3930781688987703,0.1523631400579391,2.253097669353353,0.0990241310330615,0.7123384692169925,0.1852572396352365,0.012508290668382716,0.832747668389525,-0.08586982731085648,0.1017353774844929,True,True,False,True,False
0.75,0.5,44,0.30485280025128536,0.15997038611320705,1.7440629462650605,0.11239143280375252,0.56665795258107,0.0004984861571187177,0.031341871760748756,0.010472199460756393,0.17141518491969296,0.22593341687603608,0.0008680216960638643,0.0324915818415618,0.3146057426579729,0.1695255844128951,1.6989529064811737,0.2035775162510411,0.6573730095905196,0.00975294240668756,0.009555198299688039,-0.045110039783886835,0.09118608344728857,0.0907150570094496,True,False,False,False,False
0.75,0.5,45,0.19307715143815596,0.16295233394089578,1.165020881699459,0.13310021582338283,0.6532021798354558,0.0007023767762514259,0.03169298164134948,-0.0397477967465083,-0.012319416584183592,0.2099703217963712,0.001252086918923514,0.03268769278907406,0.1719948632995267,0.1708151543349401,1.0148778095556994,0.1314721322163783,0.75378133190097,-0.02108228813862925,0.007862820394044318,-0.15014307214375955,-0.0016280836070045324,0.10057915206551415,False,False,False,True,False
0.75,0.5,46,0.6038612893501927,0.1989584049563484,2.475425049833246,0.10559237131507326,0.4670210686921605,0.0010782312179433,0.030521878348472253,-0.0817908414312235,-0.1257158810167471,0.21223772693586085,0.0016811784830842301,0.03287282556661346,0.5036133662918671,0.2027696000972734,2.113913397875626,0.1391029071168665,0.6613674197818062,-0.10024792305832553,0.003811195140925011,-0.36151165195762003,0.03351053580179322,0.19434635108964576,False,False,False,False,False
0.75,1.0,42,0.21727561030785014,0.1874096089862892,1.1428816519553915,0.14796334989650128,0.6463634778724395,0.0006361659227018074,0.03158459102145192,0.12481000124250463,0.6090411254174891,0.18543637497912469,0.0011061493750750663,0.03200233217080796,0.3582972595492655,0.1921391320430595,1.690199664944882,0.1049752919483133,0.7030203827260062,0.14102164924141536,0.004729523056770296,0.5473180129894906,-0.04298805794818798,0.05665690485356667,True,True,False,True,False
0.75,1.0,43,0.09261543329125455,0.14276892105781508,0.6917544882369226,0.18416924365704346,0.6991452824616429,0.0004654881570885038,0.03199732740862276,0.0975780927382186,0.5068221519826909,0.19304872054625855,0.0007996233444534747,0.03209197801824735,0.1430630000182597,0.1496023062859484,0.9684799033059184,0.1145490931431919,0.5891597995024339,0.05044756672700515,0.006833385228133315,0.27672541506899573,-0.06962015051385156,-0.10998548295920896,True,True,False,True,True
0.75,1.0,44,0.07491070060890537,0.15859760704193418,0.5347265229571347,0.18363226171113123,0.6797214924963224,0.0006066505166492637,0.032073269825619845,-0.015501244102680722,0.0643090946095647,0.22931135348267084,0.0010375821396181606,0.032543405168084204,0.3918119728618134,0.1672316760564464,2.0612833659055534,0.0979615967523811,0.7655953028318374,0.31690127225290804,0.008634069014512219,1.5265568429484186,-0.08567066495875013,0.085873810335515,True,True,False,True,False
0.75,1.0,45,0.355770796570271,0.1741368516947608,1.8357949792661492,0.1670045197959047,0.7003403097033326,0.00048187335076678813,0.031159682487459366,-0.09075556175237676,-0.20113496469631897,0.2127332888028277,0.0008160800290891374,0.03290928964879827,0.3343806970826337,0.1919667729481871,1.5991636355480436,0.1307727429434262,0.7288262567883554,-0.021390099487637315,0.01782992125342628,-0.23663134371810557,-0.0362317768524785,0.028485947085022834,False,False,False,True,False
0.75,1.0,46,0.38863397763325125,0.19668043145499856,1.768228019857067,0.13746701706550424,0.6650153279654107,0.00042011412306196467,0.03107642353676777,0.12421158901149432,0.541436196801866,0.23144390145348526,0.0007176441189172526,0.032045669698874596,0.4049341822150318,0.1991471278451849,1.8073626966463536,0.1329140610810959,0.6260748994336522,0.016300204581780553,0.002466696390186346,0.039134676789286615,-0.00455295598440833,-0.0389404285317585,True,True,False,True,True
0.75,2.0,42,0.3815578102750523,0.1633035896636462,2.0618223558581064,0.12047825737583662,0.7249270964322855,0.00047232312178432923,0.031023062945914164,-0.019285588039551715,0.06212663087232019,0.20545770697001053,0.0008413417675751317,0.03250092786916346,0.2252630352173423,0.2006683698389419,1.1130052482295376,0.2125472358883297,0.6866256927502296,-0.15629477505771,0.03736478017529571,-0.9488171076285687,0.09206897851249307,-0.03830140368205592,False,False,False,False,True
0.75,2.0,43,0.2086724353578453,0.15547497965741675,1.29713464617382,0.12677531761459304,0.718859707660042,0.0004177560914351313,0.03151917621590676,0.04309790603015706,0.29002280663830754,0.20314194547418618,0.000723967227557919,0.032233384423751864,0.3427524544832661,0.1890560522790853,1.6541916868626367,0.171782893955853,0.7090107252362309,0.13408001912542078,0.03358107262166857,0.3570570406888167,0.04500757634125996,-0.009848982423811159,True,True,False,False,True
0.75,2.0,44,0.5529163067528973,0.17604573069821897,2.589972873041935,0.1019028637606213,0.693349287303645,0.0004663897856837008,0.030557259598410675,0.13894367426951715,0.5819290703917266,0.21367857957197622,0.000851506721673615,0.03194068086362111,0.2683339995121538,0.1884540348218641,1.3554610967942249,0.2241348461311108,0.7375269423679602,-0.28458230724074346,0.01240830412364513,-1.2345117762477102,0.12223198237048949,0.04417765506431526,False,False,False,False,False
0.75,2.0,45,0.14498553957732052,0.16638593336546267,0.8967553729355052,0.20752419279110446,0.7207936520432461,0.0005357427200747252,0.03174469137336169,0.07958456585389295,0.4202511341100333,0.24100904148272906,0.0009662136783363275,0.03212848851704704,0.2522479924110428,0.1875092798665252,1.294200800011305,0.1924816204622917,0.7517273995152473,0.10726245283372227,0.02112334650106254,0.3974454270757998,-0.015042572328812759,0.030933747472001172,True,True,False,True,False
0.75,2.0,46,0.7678607602801382,0.22260685048222315,2.672924098938195,0.11616852317158832,0.615508165701145,0.00044120975365418623,0.030139230879856174,-0.14735801365546763,-0.38222983766153695,0.2642964927381699,0.0007917931919316372,0.033166058396176486,0.6449486809137353,0.1915094634014768,2.69663195779197,0.1204708251575373,0.7258737204617598,-0.12291207936640292,-0.031097387080746358,0.023707858853775132,0.004302301985948984,0.11036555476061483,False,True,True,False,False
0.75,5.0,42,0.12883853059275197,0.16096963662536232,0.8333232331409375,0.1685576907319053,0.7641752470919078,0.000506714392408549,0.03160067681250836,0.015743474939225344,0.1878895364750358,0.27436860345620706,0.0008875740635435123,0.031966206310421505,0.3845080633000315,0.1979833095286787,1.7430096609506684,0.1690065807276908,0.7827356888052819,0.25566953270727955,0.03701367290331639,0.909686427809731,0.00044888999578551747,0.01856044171337412,True,True,False,False,False
0.75,5.0,43,0.2652151185947442,0.14070514954229613,1.7428347859778557,0.0850561775502845,0.6752138417524248,0.0004545538937870174,0.031069466554907315,0.05815135640032487,0.34900611210120913,0.17521483462022225,0.0007522994758138263,0.03174706796182379,0.2452187268026571,0.1586118746756619,1.4622524771690015,0.1033663459315699,0.7784065791510659,-0.01999639179208712,0.017906725133365775,-0.28058230880885415,0.018310168381285408,0.1031927373986411,False,False,False,False,False
0.75,5.0,44,0.30369808897838224,0.16947260230761427,1.6499497154227238,0.1481872868972215,0.7805036620560148,0.000430388028116717,0.03104067798761043,-0.1187754640038845,-0.36696982226683394,0.31476055468139974,0.0007551265136056776,0.03266308398638272,0.4504455401402925,0.16810576344952,2.2974411939570363,0.1353984339289168,0.7564514772426459,0.14674745116191024,-0.0013668388580942714,0.6474914785343124,-0.012788852968304704,-0.024052184813368904,True,True,True,True,True
0.75,5.0,45,0.1334163102576611,0.1605669232474274,0.8603682477735954,0.17724435469617184,0.7586400301680565,0.0005678031450328311,0.03154598742714975,0.004935158547485496,0.1446832817991449,0.16685136107452037,0.000983802934475911,0.03205908223539061,0.2318341537961328,0.1859164665888397,1.2146586008917677,0.1197152159322925,0.768313951844681,0.09841784353847172,0.02534954334141229,0.35429035311817225,-0.05752913876387933,0.009673921676624508,True,True,False,True,False
0.75,5.0,46,0.4510168125208198,0.21454177900309157,1.8427504380473139,0.16590632670817262,0.7344661369841629,0.00040649276848655564,0.03088588566871236,0.13537926332500794,0.5758319888451003,0.209097145288189,0.0006709185719260003,0.031853280419686526,0.5749011179003052,0.2062304622732275,2.307244777135728,0.1636000938679066,0.7556631744302539,0.12388430537948536,-0.008311316729864071,0.4644943390884142,-0.002306232840266015,0.021197037446091027,True,True,True,True,False
1.0,0.1,42,0.29334423730614434,0.18119331848761652,1.5102942716859427,0.13626213971516,0.45793989974278626,0.009208862670693221,0.031392248227140596,-0.0821661609516946,-0.19381962703062144,0.1711324957628455,0.01560164509393067,0.0329034419412567,0.3127244825739108,0.174462834524031,1.6469797560455706,0.1402031946335548,0.3731201868568634,0.01938024526776644,-0.006730483963585526,0.1366854843596279,0.003941054918394804,-0.08481971288592288,True,True,True,False,True
1.0,0.1,43,0.14232496703119502,0.15785452609089537,0.9218976501907026,0.16166221612409226,0.5175068081629516,0.0078548331484985,0.03189792839366839,-0.024278640324735146,0.015629754199483127,0.2438148966403254,0.010595525815281498,0.032680790729181945,0.1477929699834226,0.1506398660594401,0.9902976185029088,0.1784568473481117,0.3938007476158496,0.005468002952227574,-0.007214660031455267,0.06839996831220618,0.016794631224019446,-0.12370606054710198,True,True,True,False,True
1.0,0.1,44,0.29534198024687974,0.17998852485098885,1.5280287786162046,0.10921437269113521,0.3940289265648623,0.01682910319149367,0.031385439538818706,0.03841979102239046,0.2746941544723682,0.26835106163295785,0.03576821680978475,0.03238774715824067,0.2041660604594857,0.1621062397716317,1.2274303069577956,0.1414070184994624,0.3356778597935577,-0.09117591978739403,-0.017882285079357157,-0.3005984716584089,0.0321926458083272,-0.05835106677130464,False,False,True,False,True
1.0,0.1,45,0.1923865509508389,0.16646531680126322,1.1402669155788197,0.1607886181277275,0.562879982257248,0.01893308311219657,0.03172279012364666,-0.07621968732524809,-0.22337927951372713,0.21292195256412172,0.04187074098810257,0.032902998552055356,0.1984162589846463,0.1298558930426968,1.4591223375883051,0.1040617547296188,0.3512978265698084,0.006029708033807396,-0.036609423758566434,0.31885542200948547,-0.05672686339810869,-0.2115821556874396,True,True,True,True,True
1.0,0.1,46,0.16061587074378258,0.15294545472156063,1.0505299665415202,0.16253859426926964,0.34012638452355964,0.010298601899708024,0.031838036237604665,-0.10054200795276413,-0.2731718819277564,0.2652039158014672,0.017007015215091972,0.032984999994722194,0.1864333358238254,0.1622664829707203,1.1346939611138511,0.1387494065803581,0.4868621066492069,0.025817465080042817,0.009321028249159674,0.08416399457233092,-0.023789187688911556,0.14673572212564728,True,True,False,True,False
1.0,0.5,42,0.13990321361024916,0.12472497182128388,1.1124780810571664,0.1070405158652975,0.3831385059734661,0.03924043362450881,0.031874827432571994,0.18013801448375544,0.9597901631419569,0.14944389269647795,0.10012601844343057,0.031875194515565204,0.1163916161144917,0.1599647099176339,0.768301537718219,0.1152451680594427,0.6342919432362015,-0.023511597495757458,0.03523973809635002,-0.3441765433389474,0.008204652194145193,0.2511534372627354,False,False,False,False,False
1.0,0.5,43,0.1945914905857924,0.1539361197252926,1.232115555971261,0.15131397252850798,0.4038555337528678,0.006804507676117622,0.03168478980207121,-0.1161519310302519,-0.4648964275563035,0.262436333228772,0.0086905320000601,0.03301563276047218,0.222981166799703,0.1464798589851743,1.4476392602627937,0.1101253860620865,0.4767118801675972,0.028389676213910614,-0.007456260740118292,0.21552370429153256,-0.041188586466421484,0.07285634641472938,True,True,True,True,False
1.0,0.5,44,0.23124773087514394,0.15294524815203836,1.4369924207581533,0.12856130343159344,0.4735456368063391,0.009421509923419755,0.031565957113897904,0.012776836521156687,0.17517130046162585,0.20923334294662466,0.014034387648135305,0.03247518048540031,0.1389781174401867,0.1558652942543482,0.9130534395234832,0.182283034999596,0.3541876992573247,-0.09226961343495724,0.0029200461023098367,-0.5239389812346701,0.053721731568002556,-0.11935793754901441,False,False,False,False,True
1.0,0.5,45,0.11390755437243216,0.16999114681102048,0.7193657497566274,0.1473095694970875,0.4906061218786829,0.014035195915608773,0.03196119005760196,-0.00970964211241876,0.09550765521102993,0.2020154811487912,0.027047824775020914,0.032564562487046866,0.2737618307291385,0.1498802038099165,1.6899670662091502,0.1172661277704618,0.5721292499772395,0.15985427635670635,-0.02011094300110397,0.9706013164525228,-0.030043441726625708,0.08152312809855655,True,True,True,True,False
1.0,0.5,46,0.21280266172414963,0.1580929075963061,1.2997508172777994,0.13993650700829818,0.3357972878139814,0.010288386478151548,0.03163196621351334,-0.14270027834049703,-0.40457834480516924,0.284265230949056,0.015667398196767525,0.033120622983212375,0.3218304029530663,0.1780447835673008,1.6566940846125655,0.1234489158703343,0.314376366097249,0.10902774122891667,0.01995187597099471,0.3569432673347661,-0.016487591137963886,-0.021420921716732377,True,True,False,True,True
1.0,1.0,42,0.1737220384150735,0.16527409756029698,1.0518966255226916,0.15210710151280593,0.48906769474135375,0.010770074181375076,0.03172958467161095,-0.0410516160725688,-0.06472550036127081,0.22830415063752263,0.02058511749058368,0.03263079884053896,0.2584343963485409,0.1796315907048144,1.3697918909245603,0.1522186796749245,0.4496708853648395,0.08471235793346737,0.014357493144517425,0.31789526540186874,0.00011157816211856963,-0.03939680937651424,True,True,False,False,True
1.0,1.0,43,0.11698009527771025,0.15793539380313643,0.779197215621653,0.15461455771390342,0.4668272102066689,0.008279824700847788,0.03190754410994878,0.16023565900216075,0.7920602130543871,0.17777931710505035,0.012727911984807704,0.031852264995295185,0.2215921074986988,0.1591462308132499,1.3374070578380195,0.1630191991284713,0.4113717288120839,0.10461201222098854,0.0012108370101134858,0.5582098422163665,0.00840464141456787,-0.055455481394585004,True,True,False,False,True
1.0,1.0,44,0.196674545248692,0.15415187172359224,1.2421830145713002,0.14238924921231733,0.43952220283765553,0.009116583359808994,0.03163237287717211,0.052233876619749875,0.32601569874215147,0.27506288467717,0.013742083041702371,0.03227141440175418,0.1675870802817132,0.1509690378606675,1.101850373247074,0.1909566090568795,0.5034797313175755,-0.029087464966978782,-0.0031828338629247277,-0.1403326413242263,0.048567359844562175,0.06395752847991998,False,False,True,False,False
1.0,1.0,45,0.19589853883344066,0.18573536262826237,1.0560789714694152,0.18582650325592986,0.31111012209710454,0.016288963896279464,0.031658106786479706,0.03267282957589024,0.25313588729186454,0.2160254812009479,0.03129614574233612,0.03232833551468173,0.1528282420601685,0.1737664045351149,0.9053126498618366,0.1731852287254955,0.503033895461573,-0.04307029677327215,-0.011968958093147464,-0.15076632160757863,-0.012641274530434371,0.19192377336446842,False,False,True,True,False
1.0,1.0,46,0.23197533388052172,0.15318716747752517,1.4388976098434456,0.16632449525911686,0.5457032968932758,0.026949697216574732,0.031528946018379383,0.03414611503489873,0.25883157567341086,0.1506821677283544,0.07103304472933727,0.032338586351802666,0.1129859030859725,0.1459537740803729,0.8063903989904471,0.1372716671353581,0.4571990881299873,-0.11898943079454921,-0.00723339339715226,-0.6325072108529985,-0.029052828123758756,-0.08850420876328852,False,False,True,True,True
1.0,2.0,42,0.2981761686268902,0.15177936361926841,1.7958878674092629,0.10412760963261902,0.3408281492889099,0.04239262854943918,0.031236852616153325,0.165141009005767,0.7271493317795834,0.1465537950448541,0.10849739447889101,0.03172432022763255,0.2564527816086195,0.1540465646007097,1.5595232533648151,0.1728376420337177,0.6961747249732567,-0.04172338701827072,0.0022672009814412863,-0.23636461404444775,0.06871003240109869,0.3553465756843468,False,False,False,False,False
1.0,2.0,43,0.20145165788583008,0.16289837445277905,1.2081773728474636,0.1458441620153833,0.45583477874445033,0.009598911549310345,0.03155283611521141,-0.023109880275102412,0.01603084502129866,0.21629617460317618,0.016296239688517563,0.032389919119476904,0.140840684512679,0.1329432605031993,1.0576663314243242,0.1095332530846131,0.5418451935435707,-0.06061097337315108,-0.029955113949579754,-0.15051104142313942,-0.0363109089307702,0.08601041479912042,False,False,True,True,False
1.0,2.0,44,0.12369036491296637,0.15678196143508566,0.8226204158011756,0.13645647581496867,0.46021077570368285,0.02013578277370321,0.03178780459276461,0.03293374910457825,0.2549884022216808,0.25169262669174497,0.04044843626865353,0.03220173102987798,0.1923000847686018,0.1479964949400544,1.2626953347665089,0.1296584385899606,0.5179058475494825,0.06860971985563544,-0.008785466495031258,0.44007491896533324,-0.0067980372250080745,0.057695071845799695,True,True,True,True,False
1.0,2.0,45,0.18089531382668356,0.1579056852962316,1.1321661548554531,0.1404956474951784,0.5325844870570213,0.01823188241814309,0.031613568515978595,-0.022394022680911396,0.03511287800730047,0.18914005163441072,0.032578558264025656,0.032443978387595745,0.170112860413429,0.1717112937875897,1.000848914752986,0.1788935292179073,0.4569828193161652,-0.010782453413254567,0.01380560849135809,-0.13131724010246715,0.0383978817227289,-0.07560166774085614,False,False,False,False,True
1.0,2.0,46,0.2604840778658797,0.15979364715193414,1.5290621766554886,0.148341435993953,0.37813645999363965,0.014590972918037048,0.03138673097421509,-0.06884520931299809,-0.10335468382665704,0.20511073603159968,0.02711996593442096,0.03270077463874393,0.1006428223865769,0.1626960103948844,0.6707869994187324,0.1788368385109897,0.3014222852138792,-0.15984125547930278,0.002902363242950262,-0.8582751772367562,0.030495402517036696,-0.07671417477976045,False,False,False,False,True
1.0,5.0,42,0.1787989494796396,0.14052419201930014,1.2409959723560917,0.12579659629864037,0.42451387432308435,0.02019175197951097,0.03132619030145086,0.16259052210830682,0.8632364893260451,0.12262024529395155,0.04643755918183175,0.031047753500458287,0.1914927899753007,0.1548747925095032,1.2089828856104337,0.1399947137891597,0.4208519342820063,0.012693840495661107,0.014350600490203064,-0.03201308674565806,0.01419811749051933,-0.00366194004107806,True,False,False,False,True
1.0,5.0,43,0.24983780907795317,0.15541784702220818,1.5131788570005813,0.12095378340210539,0.42039085868473397,0.00816212566648208,0.031121848435776797,0.047532339728103556,0.3222374597571304,0.19008183028013204,0.01230998648575459,0.0315857381187899,0.3404480495432826,0.1653661945292281,1.8552459599204851,0.1308018494256554,0.4345967886649231,0.09061024046532945,0.009948347507019922,0.34206710291990383,0.009848066023550012,0.014205929980189103,True,True,False,False,False
1.0,5.0,44,0.06749872842326798,0.13661869032080887,0.5463612301530254,0.1317111120663218,0.38490787343874605,0.024414512014569532,0.03165283145955165,0.12286047226879693,0.6638792399642897,0.15104661185100465,0.05387138667334598,0.0313240589037041,0.2625279518493142,0.1600741312103368,1.5372657842393018,0.1093445758140775,0.6003237878614645,0.19502922342604623,0.023455440889527945,0.9909045540862764,-0.0223665362522443,0.2154159144227184,True,True,False,True,False
1.0,5.0,45,0.02033815234568026,0.1581834745651741,0.20635025446401647,0.17438793700893152,0.456615457032966,0.020951434371437243,0.03195281715355597,-0.06620291366834552,-0.21260043551733593,0.1696621358505831,0.040830129290007025,0.03204996809936335,0.1298516970303174,0.1416070545130238,0.93308911852817,0.1349993089374703,0.5240195881930108,0.10951354468463714,-0.016576420052150292,0.7267388640641536,-0.03938862807146121,0.06740413116004473,True,True,True,True,False
1.0,5.0,46,0.19380081146596795,0.16148472980060916,1.177842939265746,0.13823452906326839,0.2873722972331445,0.0095504788465659,0.03137667716954278,-0.21107913847695103,-0.779626727744937,0.28943167534132686,0.014095221004222494,0.033028152751750604,0.171447538774268,0.1607571381595494,1.0647727700030416,0.1234555258542033,0.3785145902740086,-0.022353272691699955,-0.0007275916410597605,-0.1130701692627043,-0.014779003209065084,0.09114229304086408,False,False,True,True,False
