Ticker,missing_count,missing_ratio,first_valid_date,last_valid_date
AAPL,0,0.0,2010-01-04,2024-12-31
ABBV,754,0.1997880233174351,2013-01-02,2024-12-31
ABT,0,0.0,2010-01-04,2024-12-31
ACN,0,0.0,2010-01-04,2024-12-31
ADBE,0,0.0,2010-01-04,2024-12-31
AMAT,0,0.0,2010-01-04,2024-12-31
AMD,0,0.0,2010-01-04,2024-12-31
AMGN,0,0.0,2010-01-04,2024-12-31
AMT,0,0.0,2010-01-04,2024-12-31
AMZN,0,0.0,2010-01-04,2024-12-31
AVGO,0,0.0,2010-01-04,2024-12-31
AXP,0,0.0,2010-01-04,2024-12-31
BA,0,0.0,2010-01-04,2024-12-31
BAC,0,0.0,2010-01-04,2024-12-31
BKNG,0,0.0,2010-01-04,2024-12-31
BLK,0,0.0,2010-01-04,2024-12-31
BMY,0,0.0,2010-01-04,2024-12-31
BNY,0,0.0,2010-01-04,2024-12-31
BRK-B,0,0.0,2010-01-04,2024-12-31
C,0,0.0,2010-01-04,2024-12-31
CAT,0,0.0,2010-01-04,2024-12-31
CL,0,0.0,2010-01-04,2024-12-31
CMCSA,0,0.0,2010-01-04,2024-12-31
COF,0,0.0,2010-01-04,2024-12-31
COP,0,0.0,2010-01-04,2024-12-31
COST,0,0.0,2010-01-04,2024-12-31
CRM,0,0.0,2010-01-04,2024-12-31
CSCO,0,0.0,2010-01-04,2024-12-31
CVS,0,0.0,2010-01-04,2024-12-31
CVX,0,0.0,2010-01-04,2024-12-31
DE,0,0.0,2010-01-04,2024-12-31
DHR,0,0.0,2010-01-04,2024-12-31
DIS,0,0.0,2010-01-04,2024-12-31
DUK,0,0.0,2010-01-04,2024-12-31
EMR,0,0.0,2010-01-04,2024-12-31
FDX,0,0.0,2010-01-04,2024-12-31
GD,0,0.0,2010-01-04,2024-12-31
GE,0,0.0,2010-01-04,2024-12-31
GEV,3581,0.9488606253312135,2024-03-27,2024-12-31
GILD,0,0.0,2010-01-04,2024-12-31
GM,222,0.058823529411764705,2010-11-18,2024-12-31
GOOG,0,0.0,2010-01-04,2024-12-31
GOOGL,0,0.0,2010-01-04,2024-12-31
GS,0,0.0,2010-01-04,2024-12-31
HD,0,0.0,2010-01-04,2024-12-31
HONA,3774,1.0,,
IBM,0,0.0,2010-01-04,2024-12-31
INTC,0,0.0,2010-01-04,2024-12-31
INTU,0,0.0,2010-01-04,2024-12-31
ISRG,0,0.0,2010-01-04,2024-12-31
JNJ,0,0.0,2010-01-04,2024-12-31
JPM,0,0.0,2010-01-04,2024-12-31
KO,0,0.0,2010-01-04,2024-12-31
LIN,0,0.0,2010-01-04,2024-12-31
LLY,0,0.0,2010-01-04,2024-12-31
LMT,0,0.0,2010-01-04,2024-12-31
LOW,0,0.0,2010-01-04,2024-12-31
LRCX,0,0.0,2010-01-04,2024-12-31
MA,0,0.0,2010-01-04,2024-12-31
MCD,0,0.0,2010-01-04,2024-12-31
MDLZ,0,0.0,2010-01-04,2024-12-31
MDT,0,0.0,2010-01-04,2024-12-31
META,599,0.15871754107048225,2012-05-18,2024-12-31
MMM,0,0.0,2010-01-04,2024-12-31
MO,0,0.0,2010-01-04,2024-12-31
MRK,0,0.0,2010-01-04,2024-12-31
MS,0,0.0,2010-01-04,2024-12-31
MSFT,0,0.0,2010-01-04,2024-12-31
MU,0,0.0,2010-01-04,2024-12-31
NEE,0,0.0,2010-01-04,2024-12-31
NFLX,0,0.0,2010-01-04,2024-12-31
NKE,0,0.0,2010-01-04,2024-12-31
NOW,628,0.1664016958134605,2012-06-29,2024-12-31
NVDA,0,0.0,2010-01-04,2024-12-31
ORCL,0,0.0,2010-01-04,2024-12-31
PEP,0,0.0,2010-01-04,2024-12-31
PFE,0,0.0,2010-01-04,2024-12-31
PG,0,0.0,2010-01-04,2024-12-31
PLTR,2704,0.7164811870694223,2020-09-30,2024-12-31
PM,0,0.0,2010-01-04,2024-12-31
QCOM,0,0.0,2010-01-04,2024-12-31
RTX,0,0.0,2010-01-04,2024-12-31
SBUX,0,0.0,2010-01-04,2024-12-31
SCHW,0,0.0,2010-01-04,2024-12-31
SO,0,0.0,2010-01-04,2024-12-31
SPG,0,0.0,2010-01-04,2024-12-31
T,0,0.0,2010-01-04,2024-12-31
TMO,0,0.0,2010-01-04,2024-12-31
TMUS,0,0.0,2010-01-04,2024-12-31
TSLA,3774,1.0,,
TXN,0,0.0,2010-01-04,2024-12-31
UBER,2353,0.6234764175940647,2019-05-10,2024-12-31
UNH,0,0.0,2010-01-04,2024-12-31
UNP,0,0.0,2010-01-04,2024-12-31
UPS,0,0.0,2010-01-04,2024-12-31
USB,0,0.0,2010-01-04,2024-12-31
V,0,0.0,2010-01-04,2024-12-31
VZ,0,0.0,2010-01-04,2024-12-31
WFC,0,0.0,2010-01-04,2024-12-31
WMT,0,0.0,2010-01-04,2024-12-31
XOM,0,0.0,2010-01-04,2024-12-31
